step,score_mean,score_max,reference_policy_updated,kl,entropy,loss_total
0,0.46629764954363656,0.6933609237646846,0.0,0.0,7.39323616027832,0.5677499771118164
1,0.5236627984056792,0.7980076861732149,1.0,0.15338197350502014,7.455113887786865,0.1525527983903885
2,0.5227578316739764,0.7851562683374561,0.0,0.16005602478981018,7.431410789489746,0.024457139894366264
3,0.5655652016349715,0.7569451961379706,0.0,0.18609505891799927,7.499054908752441,0.0050820172764360905
4,0.5201005161207957,0.796414142706322,1.0,0.20653340220451355,7.397397994995117,0.011075268499553204
5,0.5800865536379634,0.8104173234214405,0.0,0.22909511625766754,7.460590362548828,0.005137134343385696
6,0.5473603480631852,0.7510521667744928,0.0,0.26684531569480896,7.382473945617676,0.003029534826055169
7,0.5314656384106469,0.7783770486132631,1.0,0.24061483144760132,7.436856746673584,0.0023779382463544607
8,0.5237121413642423,0.7690531508764179,0.0,0.2534630000591278,7.430510520935059,0.00259022181853652
9,0.5479800230933978,0.7957229933703568,0.0,0.27994972467422485,7.4330925941467285,0.007106627803295851
10,0.5407446512192594,0.7663300402550328,1.0,0.23660847544670105,7.387062072753906,-0.0001886261161416769
11,0.5054707544472391,0.7561596450878624,0.0,0.2824666500091553,7.425356864929199,0.00029742601327598095
12,0.5699726333872308,0.8110458363434506,0.0,0.2672996520996094,7.4015045166015625,0.0026839496567845345
13,0.5840423101623936,0.7713811915730302,1.0,0.3235680162906647,7.465091705322266,-0.0004581988323479891
14,0.4827719955822715,0.7903094187116141,0.0,0.3191453218460083,7.382137298583984,0.0013248068280518055
15,0.5442567416482136,0.7858764994930463,0.0,0.23879948258399963,7.257317066192627,0.007586357649415731
16,0.559367016615391,0.7841472161319047,1.0,0.23789680004119873,7.442800045013428,0.001783284591510892
17,0.5381626490382171,0.7603619249410781,0.0,0.34110018610954285,7.467844009399414,-0.0012712692841887474
18,0.528210942389919,0.813223104962393,0.0,0.2572251558303833,7.461028099060059,-0.0006256084889173508
19,0.5107849162426873,0.851348233994385,1.0,0.4459141492843628,7.517177581787109,0.0015898537822067738
20,0.5520186947140638,0.8252107371037781,0.0,0.34121087193489075,7.446214199066162,0.0012263506650924683
21,0.48261614730253033,0.7470870990655695,0.0,0.32593753933906555,7.350212097167969,-0.00014909426681697369
22,0.5303060157329332,0.7944071059151974,1.0,0.2990872859954834,7.4098286628723145,0.0015456946566700935
23,0.567626695467194,0.8121532624008706,0.0,0.31046468019485474,7.460494041442871,-0.00033577182330191135
24,0.5080522670527946,0.7588755266432524,0.0,0.2515535056591034,7.461197376251221,0.001700431341305375
25,0.5462921081331408,0.778313670508308,1.0,0.3920495808124542,7.4564032554626465,-0.004445341415703297
26,0.5128804301237017,0.7258328993018802,0.0,0.503812313079834,7.448912620544434,-0.002098484430462122
27,0.5566703433993208,0.7965008896797118,0.0,0.36487841606140137,7.398371696472168,0.0018451756332069635
28,0.49483586907054833,0.7163071143497282,1.0,0.3999960422515869,7.435684680938721,-0.005252748727798462
29,0.5755150044576959,0.809817626550491,0.0,0.3757554292678833,7.353401184082031,0.0003888492938131094
30,0.5654538784528654,0.8332179847576154,0.0,0.3591192364692688,7.370212078094482,0.00027897697873413563
31,0.5572315603803325,0.8278233104498156,1.0,0.3855865001678467,7.393135070800781,0.003542258869856596
32,0.5410816272556818,0.8137258352392949,0.0,0.3180875778198242,7.395541191101074,0.0006275544874370098
33,0.4893936629096868,0.7894138146030574,0.0,0.31118375062942505,7.472589492797852,0.0006072791293263435
34,0.5041151474684125,0.7492499033126248,1.0,0.3189978301525116,7.429689407348633,-0.0023982340935617685
35,0.5597919479985328,0.7999609960276475,0.0,0.3943946361541748,7.489314079284668,-0.0003108209930360317
36,0.5076848700564532,0.8366788640117924,0.0,0.390495628118515,7.430647373199463,0.005023275502026081
37,0.5818736703750751,0.7499464217132084,1.0,0.32626307010650635,7.442671775817871,-0.005763684865087271
38,0.5405170890222512,0.7611486387487052,0.0,0.4220665693283081,7.442856788635254,0.0010697867255657911
39,0.5561677098627342,0.8138283030762447,0.0,0.39112532138824463,7.444393157958984,-0.001881863223388791
40,0.5562554646657349,0.8715030048332646,1.0,0.32039982080459595,7.492767333984375,0.0005661824252456427
41,0.5201527156352261,0.8184985889373562,0.0,0.4291664958000183,7.446315765380859,-0.0037353471852838993
42,0.6178680552790886,0.7700365837977984,0.0,0.35695114731788635,7.422354698181152,-0.006428360939025879
43,0.5779497076689945,0.7837861825302676,1.0,0.351797878742218,7.506619453430176,-0.004476506728678942
44,0.5439532524867667,0.7883199151590172,0.0,0.4038843810558319,7.352267265319824,0.006234775297343731
45,0.583914091758558,0.744742237708074,0.0,0.3423019051551819,7.444109916687012,-0.007155324798077345
46,0.5824817450146773,0.8286319407183085,1.0,0.4504527449607849,7.307634353637695,-0.0005581141449511051
47,0.4917952980109228,0.7893506593683429,0.0,0.4489670395851135,7.43882942199707,0.0011898204684257507
48,0.5769480284705282,0.7926747199703846,0.0,0.4091123342514038,7.435645580291748,-0.003553214017301798
49,0.4998469169261248,0.80481453914585,1.0,0.399334192276001,7.3745317459106445,-0.0014175004325807095
50,0.4607586106971341,0.768943060897861,0.0,0.388407438993454,7.403791427612305,0.0010999096557497978
51,0.5461139476596343,0.7694870847901146,0.0,0.4216642677783966,7.458665370941162,-0.004198296926915646
52,0.5050384933150158,0.8230338795776914,1.0,0.4407452940940857,7.428006172180176,0.0031962371431291103
53,0.5065350143575219,0.8356280286590988,0.0,0.41962313652038574,7.443607330322266,-0.0037145542446523905
54,0.5822804997900809,0.7530482589240863,0.0,0.3953622877597809,7.457491874694824,-0.003295760601758957
55,0.5566913247204064,0.7662418821036082,1.0,0.41170114278793335,7.486378192901611,-0.00416798610240221
56,0.608716171684104,0.7680512944457956,0.0,0.43553581833839417,7.339927673339844,0.0002517085522413254
57,0.49714922061530553,0.7943111512970187,0.0,0.39048731327056885,7.424211502075195,0.0022959676571190357
58,0.49522450114165545,0.7589990356802311,1.0,0.4237465560436249,7.387241840362549,0.0028533509466797113
59,0.5676974690619967,0.834754559526427,0.0,0.4613039493560791,7.3487091064453125,-0.0011282125487923622
60,0.5618539820585733,0.7774815582454631,0.0,0.36812978982925415,7.411728858947754,-0.0029873913154006004
61,0.5682316742975567,0.7991860903295471,1.0,0.3263106942176819,7.49418830871582,-0.006453595124185085
62,0.5864935387460573,0.8091674111667471,0.0,0.3274293541908264,7.3959197998046875,-0.004572679288685322
63,0.5752293447909047,0.8121501449292976,0.0,0.42693713307380676,7.407275199890137,-0.001760224113240838
64,0.5890628371232164,0.7649300091426093,1.0,0.3382808566093445,7.426068305969238,-0.002596608828753233
65,0.5551699030455003,0.7687361637131102,0.0,0.41963493824005127,7.408261299133301,-0.005782820284366608
66,0.4978629794240508,0.7802579050981308,0.0,0.32606467604637146,7.440893173217773,-0.004110303241759539
67,0.5170790794028381,0.7842251816220657,1.0,0.5339331030845642,7.446765899658203,0.0026700433809310198
68,0.5190135077455099,0.8203876378922725,0.0,0.47773537039756775,7.3835649490356445,-0.004174318164587021
69,0.5932177097794187,0.8152707376527399,0.0,0.4800344407558441,7.2970380783081055,-0.0036089664790779352
70,0.5104548249265488,0.8158444340411212,1.0,0.4233092665672302,7.42230224609375,-0.003708860371261835
71,0.6013075166083642,0.7749512515231848,0.0,0.37201279401779175,7.429222106933594,-0.00210939790122211
72,0.562604443493461,0.7730803757095085,0.0,0.39641058444976807,7.442598342895508,-0.004481125622987747
73,0.5515999211103741,0.8073258252086905,1.0,0.424420028924942,7.459203720092773,-0.0025470308028161526
74,0.5043688148525043,0.7288672689179208,0.0,0.4066259264945984,7.4262309074401855,-0.0011089842300862074
75,0.4670387998037547,0.7603819304474395,0.0,0.38842764496803284,7.467663288116455,-0.0014972940552979708
76,0.5710604338339951,0.8185996506526401,1.0,0.44196566939353943,7.383454322814941,0.0013278427068144083
77,0.5290682145997672,0.7523669602246716,0.0,0.489091694355011,7.4542236328125,-0.003062100848183036
78,0.4826169808604911,0.7648126025444454,0.0,0.42171043157577515,7.453744411468506,-4.082918167114258e-05
79,0.552745296877831,0.8013196739218958,1.0,0.4810486435890198,7.410326957702637,-0.0018868246115744114
80,0.5660745558062932,0.7714443563666435,0.0,0.4070802927017212,7.417250156402588,-0.0022679390385746956
81,0.4949813959329465,0.7553548199442695,0.0,0.4837338924407959,7.399835109710693,0.004379155579954386
82,0.5006780818810996,0.846043275906553,1.0,0.47946542501449585,7.459950923919678,-0.005995301529765129
83,0.5137892147576515,0.7400894255921494,0.0,0.44380152225494385,7.445633411407471,-0.002064370084553957
84,0.6082211475960542,0.7670035435887314,0.0,0.530907928943634,7.438357353210449,-0.007589025888592005
85,0.42178280163818654,0.8166775291435358,1.0,0.5836448669433594,7.298593521118164,0.01639512926340103
86,0.5727633800957255,0.7566168776072917,0.0,0.39878934621810913,7.388302326202393,-0.006124858744442463
87,0.5425832207491774,0.7825675584564856,0.0,0.48620089888572693,7.388176441192627,-0.003993621561676264
88,0.5466030051959261,0.8440764458658403,1.0,0.5034149885177612,7.339620590209961,-0.0033840853720903397
89,0.48200513384074467,0.7565784881906822,0.0,0.48484349250793457,7.3381733894348145,0.0001264922320842743
90,0.5766453187933747,0.7826142088707555,0.0,0.4422348737716675,7.465685844421387,-0.0009816219098865986
91,0.586316141753574,0.8196347555080141,1.0,0.47939664125442505,7.424076557159424,-0.007315971422940493
92,0.5554326655557668,0.8125572892889743,0.0,0.4135506749153137,7.304971694946289,-0.002625163411721587
93,0.5609003107997419,0.8162197645563358,0.0,0.4333115220069885,7.354890823364258,-0.0018026076722890139
94,0.4929302732026828,0.7750775272720287,1.0,0.47490552067756653,7.433255672454834,-0.0014076402876526117
95,0.5239396300818128,0.71969766641443,0.0,0.4151076376438141,7.375918865203857,-0.004941998515278101
96,0.5797159641804918,0.8214780188594837,0.0,0.590713381767273,7.425959587097168,-0.004649858456104994
97,0.5887793650499636,0.7758577282477381,1.0,0.6276450753211975,7.428219795227051,-0.00648745009675622
98,0.5461523611960902,0.8050617560424754,0.0,0.45575299859046936,7.405184745788574,-0.0023079898674041033
99,0.5315942435233431,0.7781839273001079,0.0,0.5108848810195923,7.4150896072387695,0.0002389051951467991
100,0.5468594633704067,0.7808328364955255,1.0,0.5397746562957764,7.42478084564209,-0.0013080621138215065
101,0.5351146571519135,0.795402277852211,0.0,0.5275095701217651,7.428471565246582,-0.0031099915504455566
102,0.5527782875892852,0.7367857067008263,0.0,0.4825202226638794,7.43459415435791,-0.0079529769718647
103,0.5783071670199067,0.7946139480330147,1.0,0.6250900626182556,7.378090858459473,-0.003674732754006982
104,0.6142317980565227,0.814399143708404,0.0,0.43811988830566406,7.441553115844727,-0.0030034775845706463
105,0.5470768294317726,0.7749489909178773,0.0,0.608012855052948,7.390456199645996,0.0017999992705881596
106,0.5392640571315519,0.7924443639348951,1.0,0.5205128192901611,7.4527130126953125,-0.006913334596902132
107,0.595879987505673,0.7956040366781494,0.0,0.4787517189979553,7.419018745422363,-0.002751587890088558
108,0.5718643723002736,0.7724870129468426,0.0,0.6029434204101562,7.4100022315979,-0.003276846371591091
109,0.5640946500893769,0.8273943987112868,1.0,0.6716773509979248,7.354326248168945,-0.0032424847595393658
110,0.499161269004003,0.742334395778166,0.0,0.6226592659950256,7.412862300872803,-0.0024213367141783237
111,0.5795754105965721,0.8021967875934084,0.0,0.48133811354637146,7.407026290893555,-0.0061129117384552956
112,0.5534254647979961,0.8391516233608359,1.0,0.6753504276275635,7.4048614501953125,-0.0021790822502225637
113,0.5867441921999148,0.8200940786693852,0.0,0.5044265985488892,7.25420618057251,-0.0028467345982789993
114,0.5365936589478894,0.7348695838436948,0.0,0.603763222694397,7.353060722351074,-0.006579837761819363
115,0.5383077168693582,0.7853782312708194,1.0,0.5147082805633545,7.332983016967773,-0.003538026474416256
116,0.5955573191118823,0.8391439663070116,0.0,0.5602929592132568,7.24932861328125,-0.004103694576770067
117,0.532924716111986,0.7740911680295386,0.0,0.7187697887420654,7.403654098510742,-0.00501659931614995
118,0.5973172473834959,0.8030786255520033,1.0,0.6041318774223328,7.358454704284668,-0.007628488354384899
119,0.6291669138240078,0.7866653333767079,0.0,0.548807680606842,7.392181396484375,-0.008537297137081623
120,0.6333265086149777,0.8524608298136593,0.0,0.6505908966064453,7.09644889831543,-0.005943066440522671
121,0.6007886553463647,0.7944292464919922,1.0,0.7383193969726562,7.354846477508545,-0.002858903259038925
122,0.5766554500721088,0.8199516162538263,0.0,0.5085110664367676,7.4221906661987305,-0.006189531181007624
123,0.6042079581456907,0.7848016102159319,0.0,0.5274880528450012,7.406954288482666,-0.008763479068875313
124,0.5415395894071682,0.7612448542518222,1.0,0.5699227452278137,7.295758247375488,-0.005217773839831352
125,0.6024061772875833,0.7973795592198174,0.0,0.6450052261352539,7.3368940353393555,-0.008279372937977314
126,0.5699873716142562,0.8161244485802515,0.0,0.5573612451553345,7.3780059814453125,-0.0034004703629761934
127,0.6268815330881601,0.7978912220749753,1.0,0.5174338817596436,7.4080810546875,-0.006529707927256823
128,0.5859234836247493,0.7574094698727484,0.0,0.5104817152023315,7.393919467926025,-0.005547057371586561
129,0.5827482205944051,0.8357258215121705,0.0,0.515764594078064,7.361106872558594,-0.0037751109339296818
130,0.5925906031083428,0.8130239180314406,1.0,0.4906195104122162,7.286224365234375,0.0017935591749846935
131,0.6330137267527702,0.828385980853542,0.0,0.43469658493995667,7.386606216430664,-0.005143206566572189
132,0.5392844582453545,0.7922171074192472,0.0,0.623844563961029,7.406888961791992,-0.004866383038461208
133,0.6316457229785327,0.8149474293483805,1.0,0.5880062580108643,7.409590721130371,-0.008998189121484756
134,0.6082829961914874,0.7948622382941132,0.0,0.8183088898658752,7.3638153076171875,-0.006541274953633547
135,0.5248994688733012,0.7429001439137696,0.0,0.5208775401115417,7.399975776672363,-0.007126252166926861
136,0.5611569002098076,0.7490601941391933,1.0,0.39170145988464355,7.331851959228516,-0.0086283003911376
137,0.5686454171952495,0.7997226710977571,0.0,0.6163915991783142,7.380702495574951,-0.006435748189687729
138,0.5499688378770444,0.7861671708162802,0.0,0.5397799015045166,7.342757701873779,-0.004627642221748829
139,0.5786479771949234,0.8161783344956254,1.0,0.5723049640655518,7.337718963623047,-0.006124638020992279
140,0.6009789349062465,0.8541050780767869,0.0,0.6222766041755676,7.286183834075928,-0.002805229974910617
141,0.5656355190824524,0.7905854257588244,0.0,0.5291740894317627,7.365569591522217,-0.0018376077059656382
142,0.5337388652333013,0.8179285451927751,1.0,0.752744197845459,7.308281421661377,0.009702146984636784
143,0.6251279858649421,0.8512314190139016,0.0,0.6645723581314087,7.350217342376709,-0.008862492628395557
144,0.4708754267188435,0.7699841384043621,0.0,0.5097661018371582,7.3938703536987305,-0.001978378277271986
145,0.5378907222034838,0.8327112331749711,1.0,0.5648367404937744,7.408622741699219,0.002125507453456521
146,0.5704809785019144,0.8346249645083949,0.0,0.6731890439987183,7.357226371765137,-0.002655833028256893
147,0.600297814803837,0.7881216409668624,0.0,0.49862682819366455,7.144723892211914,-0.007598848547786474
148,0.5717973325931728,0.7946828279300068,1.0,0.6391053795814514,7.27601432800293,-0.0007200688123703003
149,0.5650726357491274,0.8163992416900682,0.0,0.7041206359863281,7.363266944885254,-0.005118031986057758
150,0.5965254281689502,0.8369578169040159,0.0,0.6546001434326172,7.290900230407715,-0.0036924537271261215
151,0.5612169969216699,0.8331383107960275,1.0,0.6418092846870422,7.292932510375977,-0.0014527570456266403
152,0.5947638551559286,0.8377517311471967,0.0,0.515762984752655,7.351858139038086,-0.004993893671780825
153,0.6212618027281919,0.8131451273244279,0.0,0.5351443886756897,7.330373764038086,-0.006069965194910765
154,0.6574330350528335,0.8496666194447644,1.0,0.6636066436767578,7.344780921936035,-0.00843567680567503
155,0.5198311736540826,0.7506244084950062,0.0,0.5387431383132935,7.203211784362793,-0.0011061583645641804
156,0.6127000384021255,0.8128438696921846,0.0,0.6347338557243347,7.344391822814941,-0.006492793094366789
157,0.5867428446576451,0.789029724995885,1.0,0.7174305319786072,7.338984966278076,-0.007219129242002964
158,0.6143062671996008,0.836255475778976,0.0,0.5804370045661926,7.312237739562988,-0.001974474173039198
159,0.5837533878037415,0.7906826351876985,0.0,0.6031875610351562,7.400429725646973,-0.010473184287548065
160,0.5539862181163576,0.7959336320733159,1.0,0.7829724550247192,7.215219974517822,-0.0015383148565888405
161,0.5662469790983381,0.8079598161265542,0.0,0.6418969035148621,7.333320617675781,-0.004899194464087486
162,0.5973352093245321,0.8130679821783906,0.0,0.572689414024353,7.330830097198486,-0.0013135166373103857
163,0.6501307521764225,0.8096142007775232,1.0,0.5413680076599121,7.375308990478516,-0.009972386062145233
164,0.6003684349833179,0.8217627080126619,0.0,0.8195018768310547,7.254492282867432,-0.005272592417895794
165,0.5874148859741373,0.7882116435753675,0.0,0.6160099506378174,7.325267314910889,-0.005901660770177841
166,0.5695285007289871,0.7892972036261711,1.0,0.5810632705688477,7.249944686889648,-0.006666273809969425
167,0.5494323754779159,0.8154358540976409,0.0,0.467498779296875,7.369845390319824,-0.004069478251039982
168,0.6130622901677999,0.8303244157791414,0.0,0.5560790300369263,7.307852745056152,-0.0039466749876737595
169,0.5392623242025151,0.7754029690145443,1.0,0.7364360094070435,7.334622859954834,-0.0035467527341097593
170,0.534586633674598,0.8366439783270263,0.0,0.6513938903808594,7.345388412475586,-0.0037738182581961155
171,0.6480431961328962,0.8521089056963317,0.0,0.6495877504348755,7.292651176452637,-0.005750146694481373
172,0.5370887449980135,0.8183817766249977,1.0,0.7491312026977539,7.3459320068359375,0.002575340447947383
173,0.599899542737425,0.7947123106541543,0.0,0.5902775526046753,7.336157321929932,-0.011969885788857937
174,0.592731443221346,0.7774855419173623,0.0,0.5763518214225769,7.346037864685059,-0.004192068241536617
175,0.6054004300399416,0.8195304219679258,1.0,0.7557731866836548,7.124804496765137,-0.004344758577644825
176,0.6000208771546514,0.8526544174718234,0.0,0.6870993375778198,7.2595343589782715,-0.0016480782069265842
177,0.5978828381762915,0.7972203771624871,0.0,0.5545939803123474,7.331824779510498,-0.004156694747507572
178,0.6136904539992589,0.819049501816973,1.0,0.6330112814903259,7.256272792816162,-0.0063687888905406
179,0.628147286211543,0.8402218105759746,0.0,0.6131871342658997,7.26830530166626,-0.007828528061509132
180,0.5932002064855479,0.7945136085505589,0.0,0.5563074946403503,7.282600402832031,-0.00877370871603489
181,0.5893329679129852,0.8283551728349458,1.0,0.6707539558410645,7.2996087074279785,-0.006232579704374075
182,0.5864739207959208,0.7856510334947026,0.0,0.7309246063232422,7.327185153961182,-0.006499863229691982
183,0.6104097756996811,0.7510385376618375,0.0,0.5946115255355835,7.32686710357666,-0.008664513006806374
184,0.604770269165795,0.8124835353400349,1.0,0.5598590970039368,7.157836437225342,-0.006742660887539387
185,0.6223897266331937,0.8484791254041537,0.0,0.6603814363479614,7.328839302062988,-0.007423995994031429
186,0.5608587171334124,0.7727568126508566,0.0,0.7023776173591614,7.27667236328125,-0.006905133370310068
187,0.6227723754248092,0.7881105382837205,1.0,0.7445673942565918,7.312649726867676,-0.0020858519710600376
188,0.5253023438997667,0.8107245024896147,0.0,0.8286749124526978,7.327351093292236,-0.0025356574915349483
189,0.573778117574517,0.7726217936953425,0.0,0.6410431861877441,7.314389228820801,-0.0048383125104010105
190,0.5711604060650288,0.8463168681919113,1.0,0.709640383720398,7.305117607116699,0.00048542232252657413
191,0.626885380744972,0.7849963270999514,0.0,0.5924800634384155,7.325588226318359,-0.008185564540326595
192,0.5219435119142459,0.7888218528387149,0.0,0.6382513046264648,7.271293640136719,-0.0020413585007190704
193,0.6103412163924251,0.7997625776399007,1.0,0.6525164842605591,7.324787139892578,-0.00354909454472363
194,0.5575371884940185,0.7868309181310997,0.0,0.7478394508361816,7.2991251945495605,-0.0004686117172241211
195,0.5825760486890763,0.8240188049464614,0.0,0.6212639212608337,7.2692461013793945,-0.00413994025439024
196,0.6192328093577241,0.8444892202834853,1.0,0.6653429865837097,7.317420959472656,-0.007021378260105848
197,0.6175424615073654,0.7971209612578971,0.0,0.5402970314025879,7.2872748374938965,-0.005623913370072842
198,0.5770885107175249,0.8083856396188892,0.0,0.6381993293762207,7.305939674377441,-0.006318696774542332
199,0.6030592198034092,0.8472784911498872,1.0,0.642088770866394,7.2739715576171875,-0.007471409160643816
200,0.6489324357900159,0.8298857724582491,0.0,0.7452763319015503,7.1933512687683105,-0.007426219526678324
201,0.5685632630400653,0.8047529434258242,0.0,0.6161915063858032,7.291442394256592,-0.0028963922522962093
202,0.5523527093819706,0.8057421509180277,1.0,0.7530847787857056,7.257896900177002,-0.00509519362822175
203,0.6035911521674073,0.7433760416155228,0.0,0.6331912279129028,7.185728073120117,-0.012052620761096478
204,0.6453865045707979,0.8049531774493415,0.0,0.7641908526420593,7.260804653167725,-0.012621371075510979
205,0.6287653460201497,0.8021232415928885,1.0,0.8789975643157959,7.183975696563721,-0.007139862515032291
206,0.5889130497512305,0.8421285952169879,0.0,0.6856491565704346,7.263087272644043,-0.001917378045618534
207,0.5684546906367758,0.785727654302658,0.0,0.7218234539031982,7.191533088684082,-0.007355662994086742
208,0.5559939744080196,0.7593157990172192,1.0,0.6980448365211487,7.213023662567139,-0.004549224395304918
209,0.5520867826087504,0.7952885947334621,0.0,0.7951622009277344,7.252771377563477,0.0010823458433151245
210,0.5668941617578116,0.8067829200091992,0.0,0.6204645037651062,7.301066875457764,-0.007083791308104992
211,0.5760482276302002,0.8254410197933902,1.0,0.7131455540657043,7.248727321624756,-0.0026885680854320526
212,0.6347207970874811,0.8070128758498182,0.0,0.5991929769515991,7.265010356903076,-0.003273346461355686
213,0.5876746420550573,0.8393503154845605,0.0,0.5906933546066284,7.294422149658203,-0.008107169531285763
214,0.6716803637872643,0.8309453927895526,1.0,0.743380069732666,7.276886940002441,-0.013470740057528019
215,0.6004938860766041,0.8184518030537086,0.0,0.7469019889831543,7.276508331298828,-0.0005515678785741329
216,0.5475587444793482,0.8014310624400438,0.0,0.8632841110229492,7.258062362670898,-0.005073985550552607
217,0.6448236525966279,0.8130534263642709,1.0,0.8311022520065308,7.2698893547058105,-0.0063170334324240685
218,0.6595929073937222,0.7929131253853041,0.0,0.8243184685707092,7.274803161621094,-0.0064748795703053474
219,0.6259080460921365,0.8217803748135692,0.0,0.8283774852752686,7.2626495361328125,-0.003938512410968542
220,0.7049138789829281,0.8373442294841889,1.0,0.7560775876045227,7.273698806762695,-0.009948000311851501
221,0.6288152017610353,0.8382306719165455,0.0,0.6328186988830566,7.269508361816406,-0.0062737190164625645
222,0.6487459206609155,0.7947886028369707,0.0,0.6852695941925049,6.836132049560547,-0.0008057057857513428
223,0.6261726238553388,0.8225571803556078,1.0,0.7404098510742188,7.2809553146362305,-0.00408823462203145
224,0.5809700042898639,0.7680625955637409,0.0,0.7575033903121948,7.228928565979004,-0.006493533495813608
225,0.6627986927330979,0.855175413452283,0.0,0.7100112438201904,7.2049713134765625,-0.004435675218701363
226,0.5929430169969392,0.8114700065170907,1.0,0.6168975830078125,7.234360694885254,-0.006462132558226585
227,0.5622633490553492,0.8255318139392751,0.0,0.8924896717071533,7.040450096130371,0.00768085615709424
228,0.6025670903452437,0.7926674521502496,0.0,0.870972216129303,7.264687538146973,-0.013015062548220158
229,0.5541803789053634,0.7749400813165358,1.0,0.669916570186615,7.237825870513916,-0.006653733551502228
230,0.6543688416341416,0.7794489540751497,0.0,0.7745977640151978,7.11226749420166,-0.009731304831802845
231,0.6176125238044131,0.8170271966056196,0.0,0.8120185136795044,7.261528015136719,-0.008362645283341408
232,0.6611330038271308,0.8078542654617606,1.0,0.8182260394096375,7.219995498657227,-0.010782763361930847
233,0.6432149266152883,0.7933195773450883,0.0,0.7882615923881531,7.178804397583008,-0.009728534147143364
234,0.5831877389128467,0.7955850900953975,0.0,0.8182364702224731,7.244904518127441,-0.008202096447348595
235,0.5715064751821253,0.8261822951820731,1.0,0.6678488850593567,7.233671188354492,-0.0008213594555854797
236,0.6782197306265021,0.8263715957952059,0.0,0.7972371578216553,7.2089152336120605,-0.007213842123746872
237,0.5566690525523357,0.8387591085997758,0.0,0.8148110508918762,7.208967208862305,0.001061994582414627
238,0.5464800451706521,0.8143735799205757,1.0,0.8786035776138306,7.163230895996094,-0.0002706935629248619
239,0.5940976515100088,0.8007727798194263,0.0,0.7006015181541443,7.225385665893555,-0.0034073106944561005
240,0.591274461047372,0.7745264538634448,0.0,0.6611379981040955,7.262707233428955,-0.001172750722616911
241,0.6609238054040414,0.8522420698412557,1.0,0.6387501955032349,7.149365425109863,-0.009093018248677254
242,0.6233068725134909,0.8373156278074241,0.0,0.8893371820449829,7.211727142333984,-0.005442015361040831
243,0.625361783777189,0.8227466909358819,0.0,0.7985942363739014,7.22110652923584,-0.006670331582427025
244,0.5585709198107154,0.8263558853171069,1.0,0.8353079557418823,7.0929059982299805,-0.004357975907623768
245,0.6591362362186441,0.8108000738132164,0.0,1.0447337627410889,7.225499153137207,-0.011017762124538422
246,0.6726119235336404,0.8200617679001017,0.0,0.8114229440689087,7.184244155883789,-0.010818058624863625
247,0.5611963194964386,0.7911257778151042,1.0,0.705221951007843,7.132391929626465,-0.002585353795439005
248,0.6638981072639321,0.8281979642073306,0.0,0.8038702011108398,7.238608360290527,-0.007684759795665741
249,0.604339913310032,0.7995153983011528,0.0,0.5989255905151367,7.185211181640625,-0.0050873225554823875
250,0.6453895876039772,0.8358875691141745,1.0,0.8951680660247803,7.22186279296875,-0.008626861497759819
251,0.5810709689826625,0.7834301970343337,0.0,0.7466425895690918,7.101343154907227,-0.0043088169768452644
252,0.6206403585732455,0.7739111131539177,0.0,0.5475616455078125,7.227483749389648,-0.011786587536334991
253,0.5479193283416208,0.8244766371510799,1.0,0.7118006944656372,7.060370922088623,-0.00019054347649216652
254,0.6616020280734631,0.8063801507462052,0.0,0.8078458309173584,7.100672245025635,-0.005718066822737455
255,0.6252141845908512,0.8225249936155198,0.0,0.5334557294845581,7.2175211906433105,-0.008470633998513222
256,0.5416987402307913,0.7893591789094365,1.0,0.8229475617408752,7.183719158172607,-0.0022950624115765095
257,0.6272848478208123,0.7836346037220304,0.0,0.946963906288147,7.132570743560791,-0.007138764951378107
258,0.5751127842870968,0.7932030617647859,0.0,0.7110719680786133,7.206023216247559,-0.0076754046604037285
259,0.6234380041456105,0.8124460109875515,1.0,1.0506181716918945,7.171363830566406,-0.006171597633510828
260,0.6433771862625733,0.8408776297469284,0.0,0.9130775928497314,7.1934099197387695,-0.005293759983032942
261,0.6247081882231279,0.8331475536032348,0.0,0.9067584276199341,7.164381504058838,-0.004241833463311195
262,0.6317621324729196,0.842450822985487,1.0,0.8302696943283081,7.175745964050293,-0.007473902776837349
263,0.6152183570464836,0.7939031486215627,0.0,1.0352047681808472,7.168684959411621,-0.007685527671128511
264,0.5643195116164558,0.8342594973221419,0.0,0.768174409866333,7.138121128082275,-0.009464075788855553
265,0.6056835763128275,0.833746464642442,1.0,0.9722881317138672,7.142747402191162,-0.009126170538365841
266,0.6018891441266747,0.8143100851409548,0.0,0.8511781692504883,7.053851127624512,-0.0036400174722075462
267,0.6536517765860539,0.860477040576769,0.0,1.0221171379089355,7.166650772094727,-0.004597106948494911
268,0.6738972825438766,0.8460433752214538,1.0,0.8862299919128418,7.1712141036987305,-0.00958773773163557
269,0.6489028632827362,0.8716266438143693,0.0,0.8142166137695312,7.203946590423584,-0.010454118251800537
270,0.5873597780469784,0.7594877374051624,0.0,0.6985262632369995,7.176054000854492,-0.003716719336807728
271,0.6255386059611786,0.7867937004297456,1.0,0.8861243724822998,7.1436567306518555,-0.0063656168058514595
272,0.6138582215993827,0.7862576247254905,0.0,0.9667872190475464,7.195384979248047,-0.011553537100553513
273,0.6590728567203847,0.791903409687745,0.0,0.9527305960655212,7.14676570892334,-0.011087196879088879
274,0.6264217548420619,0.805791244032148,1.0,0.7447642087936401,7.113886833190918,-0.009672548621892929
275,0.636788954367927,0.8182005168913339,0.0,0.9421277046203613,7.141488075256348,-0.005444086156785488
276,0.6516860566387459,0.7933814291574276,0.0,0.9141412377357483,7.143402099609375,-0.01041498314589262
277,0.6394645779975218,0.8582448458608052,1.0,0.9403982758522034,7.146580696105957,-0.010400510393083096
278,0.6782118675152361,0.7903280936679283,0.0,0.8264827728271484,7.096299171447754,-0.012902243062853813
279,0.6146405025421996,0.8333113758466894,0.0,0.8996399641036987,7.159586429595947,-0.0046733105555176735
280,0.6843706073224937,0.8574592277020926,1.0,0.808026909828186,7.165201663970947,-0.009994924068450928
281,0.6513324205115639,0.7973675849930583,0.0,1.0589827299118042,6.918151378631592,-0.006918581202626228
282,0.5897486233146829,0.7971559779480136,0.0,1.0393263101577759,7.130401134490967,-0.005011724773794413
283,0.6533042840373872,0.8131612299303927,1.0,0.8364789485931396,7.155458450317383,-0.010009688325226307
284,0.640618032638772,0.8506353189924155,0.0,0.983887791633606,7.054062366485596,-0.006883854977786541
285,0.6924484685297582,0.7871396039048724,0.0,1.0157864093780518,7.1564741134643555,-0.01302871759980917
286,0.6497630229492214,0.8350877358450509,1.0,0.8747144937515259,6.948902606964111,-0.0032543062698096037
287,0.5737806350994177,0.8035669736886122,0.0,0.8536378741264343,7.088150501251221,-0.003980262205004692
288,0.6123105496163654,0.8095792224215115,0.0,0.9174797534942627,7.101417541503906,-0.005298875737935305
289,0.6639580703642395,0.7967212055082199,1.0,1.2837368249893188,7.127951622009277,-0.011958019807934761
290,0.6729837927914024,0.8303867539945199,0.0,0.7994683980941772,7.1168060302734375,-0.008781861513853073
291,0.6648457427704866,0.8355835142909844,0.0,0.8169357776641846,7.106658935546875,-0.006746182218194008
292,0.6465869910756048,0.8112424381403576,1.0,0.9206767082214355,7.128664970397949,-0.00826641172170639
293,0.6585789411614775,0.8299717397087677,0.0,0.7434334754943848,7.136671543121338,-0.010887814685702324
294,0.6101671841645087,0.8206614324592884,0.0,0.8172028064727783,7.084434986114502,-0.006972369737923145
295,0.6022185000012327,0.7917317958419571,1.0,0.9250602722167969,6.9722676277160645,-0.0026838958729058504
296,0.5898644551119684,0.8285385687153072,0.0,0.9375407695770264,7.117709159851074,-0.008781861513853073
297,0.646245075129741,0.7971020701019226,0.0,0.9725531339645386,7.035765647888184,-0.010702742263674736
298,0.6610426674689724,0.8286317674835669,1.0,0.9381926655769348,7.080963134765625,-0.006283217575401068
299,0.5881332886945358,0.804231222338176,0.0,1.0548332929611206,7.091922760009766,-0.005921051371842623
300,0.6862408807117177,0.8135212317966654,0.0,0.8441225290298462,7.082700252532959,-0.013727274723351002
301,0.6415350074147024,0.8143666410384398,1.0,1.0602481365203857,6.8672637939453125,-0.00826478935778141
302,0.6475553837104728,0.797325572472254,0.0,0.8253911733627319,7.083769798278809,-0.010759823955595493
303,0.5896880136630775,0.8225333412388655,0.0,1.0077719688415527,7.030056953430176,-0.007838768884539604
304,0.5912807749539329,0.8083622064048658,1.0,0.9580438733100891,7.078105926513672,-0.005554477218538523
305,0.6615219857205337,0.8243215763597423,0.0,0.8235984444618225,7.019230842590332,-0.010348761454224586
306,0.6747007589400162,0.8074516554056592,0.0,0.7468664646148682,7.075173377990723,-0.010549904778599739
307,0.6255782436009185,0.8216374376554488,1.0,1.071641445159912,7.016593933105469,-0.007570898160338402
308,0.664161337648631,0.8472572973585849,0.0,1.2310272455215454,7.0622100830078125,-0.010739174671471119
309,0.6991669185018584,0.8383052443567791,0.0,0.9567204713821411,7.058897018432617,-0.008086219429969788
310,0.7003947601192317,0.8292152121925876,1.0,0.9385452270507812,7.02244758605957,-0.0019540032371878624
311,0.6597151389413005,0.8293264666735677,0.0,1.030665636062622,7.0653252601623535,-0.006352703552693129
312,0.7031895874801409,0.8450826045070019,0.0,1.0589414834976196,7.052892684936523,-0.008461144752800465
313,0.6047115350276493,0.822524659704181,1.0,0.854867696762085,7.05738639831543,-0.00603338610380888
314,0.6595992214245785,0.845905594951898,0.0,0.7606527805328369,7.070769309997559,-0.007180364802479744
315,0.6657629860510801,0.8159413739523778,0.0,1.2254338264465332,7.050065994262695,-0.010865961201488972
316,0.659109473964607,0.822620961568064,1.0,0.8962847590446472,7.00333309173584,-0.010629154741764069
317,0.6531730953691183,0.8222016482795507,0.0,0.940946102142334,6.993067741394043,-0.00895579345524311
318,0.6875340250875212,0.8360046405613201,0.0,1.0473675727844238,7.02951192855835,-0.013396571390330791
319,0.6371884983571191,0.8483417804684769,1.0,0.9986053109169006,7.0330095291137695,-0.007982023991644382
320,0.7195525678293534,0.8102989533667596,0.0,1.027086615562439,7.015815258026123,-0.008382663130760193
321,0.6747138517307538,0.8204465474368973,0.0,1.098867654800415,6.9460978507995605,-0.007871399633586407
322,0.634092733088545,0.829475996236001,1.0,1.1294524669647217,6.985542297363281,-0.0046065328642725945
323,0.6104935897002777,0.8174262605494668,0.0,1.2205314636230469,6.980305194854736,-0.0005758334882557392
324,0.6440031191417952,0.794014159502958,0.0,1.0305753946304321,6.989903450012207,-0.007382676471024752
325,0.6771361506776572,0.7969848712546935,1.0,1.2197575569152832,7.004545211791992,-0.011428083293139935
326,0.652237415717697,0.7957957849423417,0.0,0.7882142663002014,6.975501537322998,-0.01309985015541315
327,0.6574195164425879,0.8246378090114759,0.0,0.8499440550804138,6.977243423461914,-0.011234459467232227
328,0.554913012623116,0.8297686688596817,1.0,0.9685627222061157,6.95722770690918,0.006649197544902563
329,0.6847439724577754,0.8232503737238517,0.0,0.9452197551727295,6.994977951049805,-0.009054739959537983
330,0.6383277353444379,0.8163325110017936,0.0,0.9609160423278809,6.995270729064941,-0.00820270273834467
331,0.6477639828551501,0.8256688023445609,1.0,1.1274443864822388,6.894815444946289,-0.005840242840349674
332,0.6645185432484642,0.8453026622650391,0.0,1.0855686664581299,6.986487865447998,-0.00640746159479022
333,0.7034594165119479,0.7954436686998974,0.0,1.1586663722991943,6.897790908813477,-0.008711266331374645
334,0.5860567457002182,0.8135979552534093,1.0,0.9445610046386719,6.821775913238525,-0.003674276638776064
335,0.6683621174400262,0.8292148666591668,0.0,1.2836706638336182,6.911747932434082,-0.008073132485151291
336,0.6580083335399673,0.8254538953648117,0.0,0.8868883848190308,7.003387451171875,-0.0040908982045948505
337,0.7188873453007698,0.8383179563232093,1.0,0.9821309447288513,6.863739013671875,-0.003484124783426523
338,0.6449317910396599,0.816337380988839,0.0,1.1582224369049072,7.003393173217773,-0.0037271014880388975
339,0.6765237532338596,0.8203162836645407,0.0,0.9004886150360107,6.95364236831665,-0.010781445540487766
340,0.6039082947401055,0.8676486943177527,1.0,1.2695428133010864,6.951579570770264,-0.004367946647107601
341,0.6440396801849315,0.8554061099782786,0.0,1.0836493968963623,6.965653419494629,-0.011358977295458317
342,0.6216809886993389,0.7944830589044457,0.0,1.1962122917175293,6.922403812408447,-0.009670279920101166
343,0.6338107422038985,0.8232184188547365,1.0,0.9801465272903442,6.954055309295654,-0.005506039597094059
344,0.6770263435630512,0.7957634189907211,0.0,1.1424696445465088,6.9657111167907715,-0.014147383160889149
345,0.6710330264270272,0.8452510278079215,0.0,0.9474829435348511,6.95354700088501,-0.007495806086808443
346,0.7037712405909387,0.8322006753062722,1.0,1.2117693424224854,6.9535722732543945,-0.0055818818509578705
347,0.685510290206714,0.8350447844734435,0.0,1.2877070903778076,6.893835544586182,-0.010444680228829384
348,0.6629553734617034,0.8121330911907111,0.0,1.1831016540527344,6.946413040161133,-0.0067153917625546455
349,0.6936367435797306,0.8438668407347714,1.0,0.9768955111503601,6.9497270584106445,-0.007164683658629656
350,0.6334941645253831,0.8116428875204985,0.0,1.1791234016418457,6.948153972625732,-0.010366516187787056
351,0.6160860129060138,0.8470382919607817,0.0,1.0622061491012573,6.9260759353637695,-0.0031794526148587465
352,0.6504742754755306,0.8116618170388837,1.0,0.8258194327354431,6.922138214111328,-0.005375886335968971
353,0.6505467280962646,0.8226058301791788,0.0,1.358314871788025,6.920131206512451,-0.007525254040956497
354,0.6978935885597962,0.8090275000366127,0.0,1.3293135166168213,6.903159141540527,-0.014062480069696903
355,0.6492738208086263,0.8305680154621585,1.0,0.7706974744796753,6.914290428161621,-0.007420736830681562
356,0.6873564063264973,0.8257219368745576,0.0,1.0440478324890137,6.900197982788086,-0.00947602465748787
357,0.6647306736089854,0.8298536065753286,0.0,1.292724847793579,6.892546653747559,-0.008805016987025738
358,0.6691598983608098,0.8282182073115858,1.0,0.9610430598258972,6.899989128112793,-0.01394013874232769
359,0.6258789885423427,0.8177459793105994,0.0,1.127554178237915,6.806524753570557,-0.006639999803155661
360,0.7015594016547506,0.8167308100360504,0.0,1.318168044090271,6.581813335418701,-0.012257453054189682
361,0.6530932206305711,0.8031517107289983,1.0,1.0688161849975586,6.8451032638549805,-0.012047380208969116
362,0.708859220555091,0.8422886719792748,0.0,1.0282108783721924,6.851545333862305,-0.010849499143660069
363,0.7304125435951403,0.8358173735317658,0.0,1.4782053232192993,6.863264083862305,-0.012317935936152935
364,0.680822061780441,0.8553890395092624,1.0,1.434444785118103,6.810379505157471,-0.00798712857067585
365,0.678714052342471,0.8512313997025723,0.0,1.1931461095809937,6.870014190673828,-0.008911878801882267
366,0.656254147466209,0.8287723234396807,0.0,1.036848545074463,6.837431907653809,-0.006140595767647028
367,0.6643750720345534,0.8031411506924553,1.0,0.9634794592857361,6.832705974578857,-0.007030162028968334
368,0.6567093190984006,0.8153857251392157,0.0,0.9754447937011719,6.829318046569824,-0.004403898026794195
369,0.6764997071843093,0.8397399421748922,0.0,1.3561522960662842,6.823661804199219,-0.0030940233264118433
370,0.7383220735420849,0.832302545754664,1.0,1.2779861688613892,6.895364761352539,-0.013125337660312653
371,0.583692442977219,0.7904777524055754,0.0,1.23099684715271,6.8356523513793945,-0.0030303848907351494
372,0.6100760159878671,0.799178527930444,0.0,1.0982978343963623,6.7830915451049805,-0.007735195569694042
373,0.7543509079905059,0.8089600132069993,1.0,1.2329050302505493,6.858052730560303,-0.009708227589726448
374,0.6688078995676863,0.8399149189773408,0.0,1.033608317375183,6.813332557678223,-0.008880872279405594
375,0.6729780587046008,0.8226058301791788,0.0,1.0995410680770874,6.857392311096191,0.0011769761331379414
376,0.6817433857430063,0.8387590467287888,1.0,1.2053565979003906,6.778949737548828,-0.001199293415993452
377,0.6816330681457736,0.8115627938995925,0.0,1.2928121089935303,6.871191024780273,-0.00938614271581173
378,0.6755290483106569,0.8211519490297438,0.0,1.28643798828125,6.851473808288574,-0.007436767220497131
379,0.6994372494174959,0.8207144828114196,1.0,1.1735851764678955,6.8647918701171875,-0.0113138472661376
380,0.6589889907485262,0.8287804167453886,0.0,1.1004011631011963,6.870785713195801,-0.010310035198926926
381,0.7074602800512545,0.8413655775122844,0.0,0.7134612798690796,6.870288372039795,-0.014384542591869831
382,0.6960977420865476,0.8323621761158274,1.0,1.0949251651763916,6.854161739349365,-0.01382084097713232
383,0.6671371433830828,0.8358847868572756,0.0,1.158689260482788,6.739235877990723,-0.011722411960363388
384,0.6065647996693696,0.8164075617049444,0.0,0.9165488481521606,6.779005527496338,-0.005304138176143169
385,0.6671853886416989,0.8708399146071797,1.0,1.2391109466552734,6.822312355041504,-0.006775571033358574
386,0.5957423538986212,0.7889954031618179,0.0,1.2200777530670166,6.818328857421875,-0.003109168726950884
387,0.6557757241722738,0.823477122867944,0.0,1.1557486057281494,6.793488502502441,-0.007983462885022163
388,0.6548217302035612,0.8204031643362457,1.0,1.2469482421875,6.835386753082275,-0.009185876697301865
389,0.6713955476613416,0.8242031331010038,0.0,1.2167750597000122,6.7767333984375,-0.009200536645948887
390,0.6178715549106141,0.8112324669965334,0.0,1.046260118484497,6.817662239074707,-0.005512305069714785
391,0.6290599638090382,0.8593993196133672,1.0,1.032171368598938,6.765246391296387,0.000786864198744297
392,0.7199042726759448,0.8443876381827824,0.0,1.1948344707489014,6.798972129821777,-0.008587718941271305
393,0.6685955633655561,0.8205807562662206,0.0,1.1025432348251343,6.773855209350586,-0.008183895610272884
394,0.6860729329609643,0.8285190271827277,1.0,1.4695967435836792,6.706769943237305,-0.007840272970497608
395,0.6577577460306967,0.8292690006566149,0.0,1.4332911968231201,6.796412467956543,-0.011475024744868279
396,0.679951994281061,0.8218548238561366,0.0,0.9280798435211182,6.6976237297058105,-0.010205935686826706
397,0.6748442118491466,0.8236064962201731,1.0,1.2455071210861206,6.779335975646973,-0.007352723274379969
398,0.6829948392892836,0.7927748463631201,0.0,0.9634133577346802,6.747659683227539,-0.012309426441788673
399,0.6603072962360391,0.8362909710181005,0.0,1.2752180099487305,6.755537033081055,-0.004826520103961229
400,0.6782771969889945,0.8285026906661068,1.0,1.3138360977172852,6.772274017333984,-0.014516321942210197
401,0.7184214268914988,0.8260423383607163,0.0,1.060657024383545,6.746772766113281,-0.01234885212033987
402,0.6554982437506711,0.7745973106781874,0.0,0.9496541023254395,6.5416059494018555,-0.012508257292211056
403,0.6648666263408675,0.870839863150559,1.0,1.263606071472168,6.737236499786377,-0.007206876762211323
404,0.6663410852566469,0.8330542163660043,0.0,1.1048405170440674,6.719058036804199,-0.006269276607781649
405,0.6537971745624179,0.816572507345925,0.0,1.3706090450286865,6.740917682647705,-0.006106403656303883
406,0.6553722598161127,0.8064006971715493,1.0,1.4638549089431763,6.742556095123291,-0.001200385857373476
407,0.6741824584125444,0.856563727372341,0.0,1.511422872543335,6.709346771240234,-0.00546887144446373
408,0.7337795989055041,0.8198356683971515,0.0,1.3859738111495972,6.618578910827637,-0.014863168820738792
409,0.7021367461862155,0.8470913736774972,1.0,1.2373902797698975,6.692469120025635,-0.014510119333863258
410,0.6067530685666618,0.8324973776460431,0.0,1.1418843269348145,6.681599140167236,-0.007273945026099682
411,0.6712314762807611,0.8404588999450091,0.0,1.0882365703582764,6.716331481933594,-0.008583059534430504
412,0.7103840395863836,0.8284814990221399,1.0,1.3199093341827393,6.68761682510376,-0.013702710159122944
413,0.7270738973332339,0.8554061099782786,0.0,1.1995956897735596,6.678044319152832,-0.008469260297715664
414,0.6647783551132053,0.822822646330013,0.0,1.276850938796997,6.678221702575684,-0.010721816681325436
415,0.6851094890779276,0.838075752952739,1.0,1.3007903099060059,6.694362640380859,-0.015072846785187721
416,0.7069080363606695,0.8086728257970769,0.0,1.1445976495742798,6.673817157745361,-0.014502616599202156
417,0.6866447964631482,0.8182005622578711,0.0,1.6893374919891357,6.666201591491699,-0.007691016420722008
418,0.7244188762925607,0.8459296253328331,1.0,1.5938453674316406,6.685730457305908,-0.015589477494359016
419,0.625223218962594,0.8669088176379459,0.0,1.0490777492523193,6.664453983306885,-0.005877369083464146
420,0.691741363878458,0.860703995098416,0.0,1.4459333419799805,6.620372772216797,-0.01256039272993803
421,0.7217367787868705,0.8558838173900544,1.0,1.611830711364746,6.64382266998291,-0.009473716840147972
422,0.7349100243260724,0.83305752480524,0.0,1.1699168682098389,6.643528938293457,-0.01019428763538599
423,0.6967773455701258,0.8011688884489491,0.0,1.1200337409973145,6.492654800415039,-0.009645535610616207
424,0.7162463501922152,0.8040947661162486,1.0,1.3647304773330688,6.630264759063721,-0.011235618032515049
425,0.7048405581567855,0.8007081317235039,0.0,1.3702702522277832,6.62908411026001,-0.013564054854214191
426,0.6851273332712053,0.8276898148494679,0.0,1.2189691066741943,6.582757949829102,-0.010521214455366135
427,0.6355147527496672,0.8431274407845021,1.0,1.4859936237335205,6.605654716491699,-0.006475250236690044
428,0.6496566108369817,0.8292222739102781,0.0,1.2854413986206055,6.596563339233398,-0.008520353585481644
429,0.689842196629815,0.7821143520593485,0.0,1.3816359043121338,6.588501930236816,-0.01610657200217247
430,0.7195720255074158,0.8514324921927073,1.0,1.1676090955734253,6.616652488708496,-0.011190420016646385
431,0.6949831107126793,0.8607037391372185,0.0,1.5371804237365723,6.60123348236084,-0.007992918603122234
432,0.636127029391223,0.8042830770077035,0.0,1.6837106943130493,6.534982681274414,-0.009150970727205276
433,0.7032957358091552,0.8423899715076364,1.0,1.5052121877670288,6.572678565979004,-0.005759932100772858
434,0.6991197310434227,0.818049125108689,0.0,1.2704252004623413,6.536887168884277,-0.007426581345498562
435,0.6859939519315345,0.8468329546419074,0.0,1.3741731643676758,6.5810017585754395,-0.011227361857891083
436,0.6978903090031574,0.8210942509089334,1.0,1.3283370733261108,6.556661605834961,-0.007832404226064682
437,0.7144746049768277,0.8264029477521475,0.0,1.3997207880020142,6.576498031616211,-0.015230204910039902
438,0.6955549782544743,0.8223986732028239,0.0,1.4178868532180786,6.577523231506348,-0.00535239465534687
439,0.7097472520196826,0.8329670328302761,1.0,1.4931176900863647,6.5496673583984375,-0.012332145124673843
440,0.7327827963416801,0.833843442994165,0.0,1.5940134525299072,6.521574020385742,-0.008402521722018719
441,0.6738770716840004,0.8238017667568743,0.0,1.444136142730713,6.560267448425293,-0.0033883561845868826
442,0.6997156060875698,0.8223750624199263,1.0,1.5950822830200195,6.407339096069336,-0.00953946728259325
443,0.7199092532465194,0.8349390585751107,0.0,1.3709347248077393,6.532340049743652,-0.007431295700371265
444,0.7553378739044337,0.8526626937886401,0.0,1.5156776905059814,6.543670654296875,-0.010136398486793041
445,0.6874931224876146,0.8229239767507351,1.0,1.2992091178894043,6.477209568023682,-0.006479457952082157
446,0.7216082453876053,0.8185521376247701,0.0,1.2295547723770142,6.4635491371154785,-0.012425709515810013
447,0.6977088019669108,0.8207971083067906,0.0,1.205796241760254,6.534064769744873,-0.013685068115592003
448,0.7203775176594344,0.8678438964104161,1.0,1.4057366847991943,6.501641273498535,-0.008245415054261684
449,0.6857521052219003,0.8112380714362458,0.0,1.7673368453979492,6.517102241516113,-0.01136433519423008
450,0.6243631546078635,0.8122407912773626,0.0,1.4103641510009766,6.476873397827148,-0.01309679914265871
451,0.6318607221191592,0.8500003716706803,1.0,1.5745148658752441,6.492199897766113,-0.002366633154451847
452,0.6825809228355291,0.8270551367194701,0.0,1.6018390655517578,6.448956489562988,-0.01085939072072506
453,0.7615195513129993,0.844126092534053,0.0,1.6132748126983643,6.463044166564941,-0.007237005978822708
454,0.7004575829649976,0.8373464933508981,1.0,1.2026968002319336,6.45705509185791,-0.004428298678249121
455,0.708866380451146,0.7980373780940566,0.0,1.1912251710891724,6.46936559677124,-0.0136380884796381
456,0.7014584831840752,0.8132230817998539,0.0,1.3394112586975098,6.4516119956970215,-0.012485912069678307
457,0.7034124336441718,0.8590701455033781,1.0,1.1992239952087402,6.398632049560547,-0.011282549239695072
458,0.6698739717133669,0.8143981295071111,0.0,1.5240415334701538,6.438462257385254,-0.012121729552745819
459,0.6724336489481078,0.8092757060272548,0.0,1.4405322074890137,6.43250846862793,-0.01062918920069933
460,0.6716781684980163,0.8142038080160778,1.0,1.6198686361312866,6.446866035461426,-0.006191421300172806
461,0.7385430729200915,0.872541285017452,0.0,1.4858351945877075,6.446963310241699,-0.012967058457434177
462,0.725035105378659,0.8092757766390084,0.0,1.4095507860183716,6.406378269195557,-0.01240147091448307
463,0.6930768378954528,0.8608625603664913,1.0,1.513504981994629,6.426135063171387,-0.010073340497910976
464,0.713514665728897,0.8275561937816156,0.0,1.4984815120697021,6.3947601318359375,-0.012838473543524742
465,0.7572020431776304,0.8450437700990985,0.0,1.1149951219558716,6.420387268066406,-0.013001682236790657
466,0.7045605946270355,0.8432019725585946,1.0,1.3923434019088745,6.433350563049316,-0.010900572873651981
467,0.7067518575670844,0.8202052641897919,0.0,1.427362084388733,6.359993934631348,-0.012015430256724358
468,0.6821963879557487,0.8006301048037349,0.0,1.6747877597808838,6.394951343536377,-0.007444318383932114
469,0.7570752237585787,0.8337934484819132,1.0,1.6966034173965454,6.395954608917236,-0.008468355983495712
470,0.680623363756496,0.8143981525571881,0.0,1.31231689453125,6.39053201675415,-0.008758675307035446
471,0.6543432565094217,0.8340862921343101,0.0,1.6241180896759033,6.388115882873535,-0.009275228716433048
472,0.6609951937023278,0.8288389218832485,1.0,0.9459766149520874,6.404062747955322,-0.007984964177012444
473,0.7198513254187412,0.8204253174757754,0.0,1.4971504211425781,6.391590595245361,-0.012142308987677097
474,0.7346193559859839,0.837016178492309,0.0,1.4399065971374512,6.373098850250244,-0.010618478059768677
475,0.7081761341769736,0.8203164185280514,1.0,1.6979649066925049,6.362178802490234,-0.009998545050621033
476,0.7076946371025439,0.7942110511275658,0.0,1.6894185543060303,6.369312763214111,-0.014808627776801586
477,0.7124045016737571,0.8376273272057273,0.0,1.4013993740081787,6.372273921966553,-0.012838656082749367
478,0.7563124670890473,0.8228010363295628,1.0,1.3192263841629028,6.359703063964844,-0.015829162672162056
479,0.6813426705908522,0.8242277900256291,0.0,1.487463355064392,6.203728199005127,-0.001344406045973301
480,0.7266033991466362,0.8145219687121844,0.0,1.268894910812378,6.371649265289307,-0.016242504119873047
481,0.7372324845842222,0.8404065675838631,1.0,1.472456693649292,6.390707492828369,-0.010551181621849537
482,0.6891460846767425,0.8508244957798854,0.0,1.4858922958374023,6.3877949714660645,-0.009356720373034477
483,0.7451553753581117,0.8406836338421602,0.0,1.467423915863037,6.3791046142578125,-0.009289758279919624
484,0.7319073406919457,0.8338057474880766,1.0,1.184364676475525,6.388986110687256,-0.00910974107682705
485,0.7578605922159029,0.8489275533937188,0.0,1.5358633995056152,6.371294975280762,-0.011487781070172787
486,0.7337664934365629,0.8218011443930816,0.0,1.4509443044662476,6.338625907897949,-0.00747999781742692
487,0.7055699365069534,0.8267656091428913,1.0,1.3159096240997314,6.376522064208984,-0.01235930435359478
488,0.7157599531713257,0.8460433752214538,0.0,1.4417071342468262,6.387879371643066,-0.0064453249797225
489,0.768709636927858,0.8397553947699116,0.0,1.1835322380065918,6.377568244934082,-0.0095352903008461
490,0.7521329903060268,0.8231920748677334,1.0,1.4034281969070435,6.377814292907715,-0.014438886195421219
491,0.7416288970486691,0.8163896413097546,0.0,1.706384301185608,6.387513160705566,-0.011300820857286453
492,0.706753564064346,0.8005587263527904,0.0,1.6383850574493408,6.3822221755981445,-0.009549343027174473
493,0.7005836487235597,0.8397554358110553,1.0,1.324738621711731,6.366240978240967,-0.009287608787417412
494,0.7276687893273035,0.8324027074296835,0.0,1.860472321510315,6.37470006942749,-0.012689433991909027
495,0.7170844668050232,0.8469858671012976,0.0,1.4074947834014893,6.377703666687012,-0.010651208460330963
496,0.6859743219961917,0.832456822081335,1.0,1.3532021045684814,6.223694324493408,-0.009377997368574142
497,0.7085369048871148,0.8104954714642588,0.0,1.526900291442871,6.338705062866211,-0.005829621572047472
498,0.7422110721232441,0.8419314745157438,0.0,1.5993330478668213,6.320032119750977,-0.013821437023580074
499,0.7547309665996325,0.8340867775053535,1.0,1.1719001531600952,6.341574192047119,-0.011846143752336502
