name,smiles
BB-0000,O=S1(=O)NCc2cc(Br)ccc2N1
BB-0001,CC(C)(C)OC(=O)N1CCCN(c2ccc(C(=O)O)cn2)CC1
BB-0002,CC1C=CC(=O)O1
BB-0003,COc1ccc(C(=O)O)c(C=O)c1
BB-0004,N#Cc1cc(C(F)(F)F)ccc1NCCN
BB-0005,COc1nc(CO)sc1C
BB-0006,CSc1ccc([N+](=O)[O-])cc1C(C)=O
BB-0007,Cc1nnc2cc(N)ccn12
BB-0008,O=c1[nH]sc2c(Br)cccc12
BB-0009,ClCCC(Cl)(Cl)Cl
BB-0010,O=C1c2ccccc2CC12CCOCC2
BB-0011,O=C(CC1COCCN1)c1ccccc1
BB-0012,CC(C)(C)c1cc2c(Cl)nccn2n1
BB-0013,N[C@@H](CCC(=O)O)C(=O)O
BB-0014,NC(=O)C1(c2ccncc2)CCCCC1
BB-0015,Cc1ccc(C(N)c2ccc(F)cc2Cl)cc1
BB-0016,Cc1nn(C)c(C(N)=O)c1N
BB-0017,Cc1noc(CO)c1Br
BB-0018,COC(=O)c1cc(CC(C)C)n[nH]1
BB-0019,CC(C)(C)OC(=O)NN(C(=O)OC(C)(C)C)C12CC(C(=O)O)(C1)C2
BB-0020,CCOC(=O)c1nc2c(Br)cccn2c1N
BB-0021,O=[N+]([O-])c1ccc2cc(Br)cnc2c1
BB-0022,COC(=O)CCNc1ncc(C)cc1Br
BB-0023,CC(C)(C)OC(=O)NCc1cn(C2CCCNC2)nn1
BB-0024,Cc1ccc(C2CCCCN2)cc1N
BB-0025,COC(=O)C(Cl)C(C)c1ccccc1
BB-0026,N#CI1OC(=O)c2ccccc21
BB-0027,O=C(O)c1ccc(Cl)cc1NCCCn1cccn1
BB-0028,CCn1c(N)c(C(=O)CCl)c(=O)[nH]c1=O
BB-0029,O=C(O)Cc1cccc(C(F)(F)F)n1
BB-0030,FC(F)(F)c1cnn(C2CCNCC2)c1
BB-0031,N#CCc1ccc(O)cc1
BB-0032,CC(C)(C)OC(=O)N1[C@@H](C=O)COC1(C)C
BB-0033,COC(=O)c1cc(-c2ccccc2Br)on1
BB-0034,Cc1cnc(NCCN)nc1
BB-0035,NCC12CCC(F)(CO1)C2
BB-0036,CCOC(=O)Cc1ccnc(C)c1
BB-0037,O=C(CC(=O)C(F)(F)F)c1ccc([N+](=O)[O-])cc1
BB-0038,O=Cc1cnc2c(Br)cc(F)cn12
BB-0039,Cc1ccc2c(c1)SCCC(=O)N2
BB-0040,CNCc1ccnc2c(Br)cccc12
BB-0041,Cc1ccc(Cl)cc1N1CCNCC1
BB-0042,NS(=O)(=O)c1cc(Br)c(F)c(C(=O)O)c1
BB-0043,COC(=O)C1(c2ccc(OC)cc2)CCNC1
BB-0044,CNCc1ccc(Br)cc1F
BB-0045,Oc1ccc2c(c1)OCO2
BB-0046,CCOC(=O)c1[nH]c(C=O)cc1C
BB-0047,O=Cc1cc2c(s1)CCOC2
BB-0048,c1cnn(C2CCCNC2)c1
BB-0049,COc1ccc(F)c(CCC(=O)O)c1
BB-0050,COc1ccc(C2CC(=O)NC(=O)C2)cc1Br
BB-0051,COc1cccc(C)c1C=O
BB-0052,Cc1oc(C)c(C(=O)Nc2cccc(OCC#N)c2)c1C
BB-0053,COC(=O)CC1CCCC(O)C1
BB-0054,CNC1CCN(c2cc(C)ncn2)CC1
BB-0055,CCCn1c(N)c(N2CCOCC2)c(=O)[nH]c1=O
BB-0056,FC(F)n1ccnc1Br
BB-0057,CC(=O)CC(=O)Nc1ccccc1C
BB-0058,COc1cc(C)c(O)c(Cl)c1
BB-0059,Cc1n[nH]c(C)c1NC(=O)C(C)CN
BB-0060,COc1cccc(N2C(=O)C(=Cc3ccc(C(C)C)cc3)NC2=S)c1
BB-0061,O=Cc1cc(-c2ccc(Cl)cc2)on1
BB-0062,Oc1c(Br)cnc2ccsc12
BB-0063,Nc1ccc(C(=O)O)cc1CCCC(=O)O
BB-0064,COc1ccc(F)cc1CCC(=O)O
BB-0065,NC1CCCN(c2ccc(Cl)c(Cl)c2)C1
BB-0066,C1CCn2c(nnc2C2CCNC2)C1
BB-0067,Cc1nn(-c2ccccc2Cl)c2sc(C(=O)O)cc12
BB-0068,O=[N+]([O-])c1cc(Br)c2c(c1)CCO2
BB-0069,C[C@H](NC(=O)c1ccco1)C(=O)O
BB-0070,Cc1nn(C)c2nc(Cl)c(C=O)cc12
BB-0071,CC(C)(O)c1cc(Cl)cc(Br)c1
BB-0072,COc1ccnc2nc(Cl)ccc12
BB-0073,CN(CC1CCOC1)c1ncncc1Cl
BB-0074,COC(=O)c1cc2c([nH]1)C(=O)CCC2
BB-0075,COC(=O)C1(C#N)CC2(COC2)C1
BB-0076,C=CC(=O)c1c(F)cccc1Cl
BB-0077,N#Cc1ccc(OCC(F)(F)F)cc1
BB-0078,OC[C@@H](O)CN1CCN(c2ccccc2)CC1
BB-0079,S=C(Cl)Oc1ccc(Br)cc1
BB-0080,COCCCC(N)Cc1ccccc1
BB-0081,Cc1cc(N)n(-c2ccc(Cl)cc2)n1
BB-0082,Oc1ccc(OCc2ccccc2)cc1F
BB-0083,COC(=O)N1CCC(=O)C1(C)C
BB-0084,COC(=O)c1cn(C2CCNC2)nn1
BB-0085,Nc1ccccc1NC(=O)c1ccncc1
BB-0086,C1CN(c2nsc(C3CC3)n2)CCN1
BB-0087,O=C1CCN(Cc2cccs2)CC1
BB-0088,CS(=O)(=O)CC1CCC1C(=O)O
BB-0089,CC1CNCC2(C1)OC(=O)Nc1ccc(Cl)c(F)c12
BB-0090,COC(=O)c1cc(Br)nc2ccccc12
BB-0091,O=c1c2ccccc2[nH]c2cc(O)cc(O)c12
BB-0092,O=[N+]([O-])c1ccc2[nH]ncc2c1
BB-0093,O=[N+]([O-])c1cnc2ccc(C3CCC3)cc2c1Cl
BB-0094,Cc1cc(C)c([N+](=O)[O-])cc1CBr
BB-0095,CNc1cc(Br)ccc1N
BB-0096,COc1ccc(C(=O)CN)cc1Cl
BB-0097,CNCc1cc(OC)ccc1Br
BB-0098,O=C(O)C1CNCC2(CCOCC2)O1
BB-0099,BrCc1ccsc1Br
BB-0100,O=C(O)CN1Cc2c(cnn2-c2ccccc2)C1=O
BB-0101,CCCCO/C=C/C(=O)C(F)(F)F
BB-0102,CC(=O)C12CC(c3ccccc3)(C1)C2(F)F
BB-0103,CCC(C)Oc1ccc(Br)cc1
BB-0104,CC(C)(C)OC(=O)NC(CCCC1OCCO1)C(=O)O
BB-0105,Cn1cc(C=O)c(C2CCC2)n1
BB-0106,COc1ccc([C@@H]2CN(C(C)(C)C)C[C@H]2C(=O)O)cc1
BB-0107,CCOC(=O)C1NCCc2cc(O)ccc21
BB-0108,Cc1cc(F)sc1C(=O)O
BB-0109,CNCC(=O)c1c[nH]c2ccc(F)cc12
BB-0110,O=C(c1cccc(Br)c1)C(F)F
BB-0111,Cc1ccc(C2(C#N)CCOCC2)cc1
BB-0112,Cn1nc(N)cc1C1CC1
BB-0113,CCCCCC(=O)c1c(O)cc(O)cc1O
BB-0114,COC(=O)CC1CNCc2ccccc21
BB-0115,Cc1c(C(F)(F)F)nc2ccccc2c1O
BB-0116,Cc1nc(C(N)c2ccc(F)cc2)no1
BB-0117,O=C1CCC(n2nnc3cccc(F)c3c2=O)C(=O)N1
BB-0118,NCC1(c2cccc(Br)c2)CCC1
BB-0119,CCCn1c(N)c(C(=O)CCl)c(=O)[nH]c1=O
BB-0120,CCOC(=O)c1[nH]c2c(c1C)C(=O)CC(C)(C)C2
BB-0121,Cc1cc(C)cc(C(N)CO)c1
BB-0122,CCOC(=O)c1c(C)nn(C)c1CCl
BB-0123,COC(=O)C1=NOC(CBr)C1
BB-0124,CC(=O)Nc1cc(C(=O)CCl)ccc1O
BB-0125,CC(N)Cc1c(F)cccc1F
BB-0126,CC1(C)CNc2cnccc21
BB-0127,Cc1nc2nc(S)nn2c(C)c1CC(=O)O
BB-0128,Cc1cc(CN)ccc1N
BB-0129,C=CCn1c(S)nnc1-c1ccncc1
BB-0130,CCOC(=O)N1CCCC(C(=O)O)C1
BB-0131,O=C(O)[C@@H]1C[C@H](Oc2ccccc2)CN1
BB-0132,COC(=O)C1(c2cc(Br)ccc2C#N)CC1
BB-0133,CN(C)c1ncc(Br)c2c1CNCC2
BB-0134,O=C1CSCCc2ccccc21
BB-0135,CCCC1CC(Br)C1
BB-0136,Oc1ccnc2c1CNC2
BB-0137,CC(C)(C)OC(=O)c1cc(Cl)ccc1Br
BB-0138,COc1cccc(NN)c1Cl
BB-0139,CCOC(=O)c1cnc2c(I)cccn12
BB-0140,NC[C@@]12CCCC[C@]1(C(=O)O)C2
BB-0141,[N-]=[N+]=Nc1ccc(C=O)cc1F
BB-0142,CCn1ccnc1C(=O)[O-]
BB-0143,Cc1ccc(C(=O)C(F)(F)F)cc1
BB-0144,Cc1ccc(N)cc1-c1ccccc1
BB-0145,Nc1ccc(Br)c(F)c1CO
BB-0146,NCC1(c2cccc(C(F)(F)F)c2)CCOCC1
BB-0147,Cc1nc2n(c1C(=O)[O-])CCCC2C
BB-0148,COC(=O)/C=C/CC(C)(C)N
BB-0149,Cc1nc(Cl)c(Cl)cc1C(=O)O
BB-0150,CC(=O)c1cn(C)nc1C1CCC1
BB-0151,COC(=O)[C@H]1[C@H](C(=O)O)C12CC2
BB-0152,NC(=O)c1cccc2c(=O)[nH]nnc12
BB-0153,N#Cc1cccnn1
BB-0154,Cc1ccc([C@@H]2OCCC[C@H]2N)cc1
BB-0155,NC(CC(=O)O)c1ccc(F)cc1
BB-0156,CC(C)CC(N)C1CC1c1ccccc1
BB-0157,Nc1cc(-c2ccc(-c3ccccc3)cc2)[nH]n1
BB-0158,NCCC1CC1(Cl)Cl
BB-0159,CC(C)[C@@H](C(=O)O)n1sc2ccccc2c1=O
BB-0160,NCc1c(F)cccc1OC(F)(F)F
BB-0161,CC(=O)c1sc(-c2ccccc2Br)nc1C
BB-0162,O=C(O)c1ccc(Cl)c(F)c1
BB-0163,C#CCCN1CCCCCC1
BB-0164,CCOC(=O)C12CCCC1=CC(=O)C2
BB-0165,FC(F)(F)c1cc(Br)ccc1N1CCNCC1
BB-0166,OCc1ccc(Br)c(C(F)(F)F)c1
BB-0167,CNC1Cc2ccc(C)cc2C1
BB-0168,Nc1ccccc1C(=O)CCCC(=O)O
BB-0169,O=Cc1sc2ccccc2c1C(=O)O
BB-0170,O=C(O)Cc1ccc(C2CCCCC2)cc1
BB-0171,COC(=O)C(CN)CC1CCCC1
BB-0172,O=C1CCC(C(C(=O)O)C(=O)O)N1
BB-0173,Cc1cc(C)cc(NCC(=O)Nc2ccccc2)c1
BB-0174,O=C(O)/C=C/c1cc(Cl)c2c(c1)OCCCO2
BB-0175,O=S(=O)(c1ccc(Br)cc1)C12CC(C1)C2
BB-0176,Cc1cc(N)cc(C)c1F
BB-0177,CCCOc1cccc(CBr)c1
BB-0178,CNCc1cc(Br)cc([N+](=O)[O-])c1
BB-0179,Sc1nncn1-c1cccc(Cl)c1
BB-0180,Cc1nn(-c2ncccn2)c(N)c1Br
BB-0181,N#CC1CCNC1=O
BB-0182,COC(=O)C1=CO[C@@H](O)[C@@H]2C(CO)=CC[C@H]12
BB-0183,Fc1cccc2nc(Br)cnc12
BB-0184,N#Cc1ccc(C=O)c(Br)c1
BB-0185,CN(C)c1nc(CCN)cs1
BB-0186,Cc1coc(/C=C/C(=O)O)n1
BB-0187,COC(=O)c1cncc(C(C)(C)O)c1
BB-0188,Cc1cc(C(=O)O)n2ncc(Br)c2n1
BB-0189,CC(C)(C)OC(=O)N1CCCCc2c(B3OC(C)(C)C(C)(C)O3)cccc21
BB-0190,CC(C)(C)OC(=O)N1CCC(/C=C/C(N)=O)CC1
BB-0191,CCOC(=O)c1c(CBr)sc2c(Br)cccc12
BB-0192,CN1C(=O)NC2CC1(C)Oc1ccc(Br)cc12
BB-0193,COCc1ncc2c(n1)CCNC2
BB-0194,COCC(N)(c1ccccc1)c1nc2ccccc2n1C
BB-0195,CNCCCCc1cccc(Br)c1
BB-0196,IC#CC1CCOCC1
BB-0197,O=c1c(Cl)nccn1C(F)F
BB-0198,Cc1ncsc1CCCBr
BB-0199,Cn1ncc2c(N3CCC(=O)CC3)ncnc21
BB-0200,COC(=O)c1cc(C(=O)CCC(=O)O)c[nH]1
BB-0201,CNS(=O)(=O)N1CCC(N)CC1
BB-0202,Cc1cc2n(n1)CCCN2
BB-0203,CC(C)(C)OC(=O)NC1CCCC12CC(=O)C2
BB-0204,CCc1noc(CC2CCOC3(CCNCC3)C2)n1
BB-0205,Brc1cccnc1OC1CCNCC1
BB-0206,O=C1CCC(c2cncc(F)c2)C1
BB-0207,CC(N)C(=O)N1CCc2ccccc21
BB-0208,Cc1cc2c(cc1C)C(=O)CCC2
BB-0209,CCn1c(C(=O)O)c(C=O)c2ccccc21
BB-0210,ClC12CC(C3CNC3)(C1)C2
BB-0211,NC1CCC(C(F)(F)F)CC1
BB-0212,COC(=O)c1c(N)nc2n1CC(C(=O)O)CC2
BB-0213,Cc1cc(N)ccc1N1CCCS1(=O)=O
BB-0214,CC(C)Cn1c2c(c(=O)n(C)c1=O)C(=O)CN2
BB-0215,CC(C)(C)OC(=O)N[C@@H](CC(=O)O)C(F)F
BB-0216,Nc1ccc2c(Br)nccc2n1
BB-0217,CC1(C)OB(c2cccc(CN)c2)OC1(C)C
BB-0218,COCCCCc1cccnc1N
BB-0219,Cc1c(S(=O)(=O)Cl)cnn1-c1ccccn1
BB-0220,O=Cc1cnn(C2CC2)c1
BB-0221,CC(C)Cn1cnnc1C1CCCN1
BB-0222,O=C(O)C#Cc1cccc(Br)c1
BB-0223,Cc1cc2c(cc1Br)NCCC2
BB-0224,O=C(NCC1CC(C(=O)O)CCO1)OCC1c2ccccc2-c2ccccc21
BB-0225,CC(C)(C)OC(=O)N1CC(C(=O)O)CC2COCCC21
BB-0226,O=Cc1c(F)cc(CO)cc1F
BB-0227,CNS(=O)(=O)c1ccc(CC(=O)O)cc1
BB-0228,CC(=O)c1cc(C)cc(Cl)c1O
BB-0229,CCOC(=O)c1[nH]c(C)c(C)c1Br
BB-0230,O=C1CCN(c2cnccn2)CC1
BB-0231,O=C(O)C=Cc1cc(O)c(O)c(O)c1
BB-0232,Brc1cnc2nc3ccccc3n2c1
BB-0233,COC(=O)c1c(CC(=O)O)[nH]c(C(C)=O)c1C
BB-0234,O=C(O)CC1CCC(=O)c2ccccc21
BB-0235,O=C(O)CSc1nccn1-c1cccc(Cl)c1
BB-0236,NC1CCCN(c2ccc3c(c2)OCO3)C1
BB-0237,COCOc1cc(C)cc(Cl)c1Br
BB-0238,CCn1c(N)c(-c2csc(C)n2)c(=O)[nH]c1=O
BB-0239,CC(C)(C(=O)O)C(NC(=O)OCC1c2ccccc2-c2ccccc21)c1ccccc1
BB-0240,Cc1nc(Cl)c(C#N)s1
BB-0241,CNC1CCN2CCCCC12
BB-0242,O=C(O)CNC(=O)N1CCCC1
BB-0243,O=C(O)c1ncccc1Br
BB-0244,CC(=O)/C(=C/c1ccc(Cl)c(Cl)c1)C(N)=O
BB-0245,N#CCCN(CCC#N)c1ccccc1
BB-0246,CCC1CCC(N)(C2=NCCN2)CC1
BB-0247,COC(=O)c1ccc(C2(N)CC2)o1
BB-0248,COC(=O)c1ccc2c(c1)CNCC2
BB-0249,CNC(=O)CCC(N)c1ccccc1
BB-0250,Cc1ccc(CCC2CCN(C(=O)CCl)CC2)cc1
BB-0251,CN1CC(=O)Nc2ccc(Br)cc21
BB-0252,CCOC(=O)c1cc(C(=O)Cl)n(C)n1
BB-0253,COCCn1c(CN)nc2cc3c(cc21)OCO3
BB-0254,C#CC(C)OS(C)(=O)=O
BB-0255,Cc1nc(N)sc1Cc1ccc(F)c(F)c1F
BB-0256,CCCNCc1ccccc1O
BB-0257,O=Cc1ccc2cc(I)ccc2c1
BB-0258,ClCc1cc(Br)no1
BB-0259,CC(C)Oc1ccc2c(c1)CCCC2=O
BB-0260,Cc1nc2n(c1C)CCNC2
BB-0261,OCC1CC2(CCC(F)(F)CC2)N1
BB-0262,N#Cc1ccc([C@@H](O)C(=O)O)cc1
BB-0263,COC(=O)c1ccc2c(c1)nc(Cl)c1ncncc12
BB-0264,CNc1ncc(F)cc1N
BB-0265,COc1ccc(F)c(C=O)n1
BB-0266,Cc1ccc(Br)cc1C(N)=O
BB-0267,O=C(O)CN1CCOc2ccc(Cl)cc21
BB-0268,O=c1[nH]cc(Br)c2cc(C(F)(F)F)ccc12
BB-0269,O=C1C(F)=CCCc2ccc(Br)cc21
BB-0270,CSCC1CCCNCC1
BB-0271,CC1(C)CC(=O)c2cc(Br)ncc2O1
BB-0272,OCCCn1nc(C(F)F)cc1C(F)F
BB-0273,NC(=NO)c1ccccc1CN1CCCCC1
BB-0274,SCc1ccc2c(c1)CCO2
BB-0275,CNC1(CNC(=O)OC(C)(C)C)COC1
BB-0276,N#CCC(=O)Nc1ccccc1Cl
BB-0277,O=C(O)C1CC2CC1(c1ccncc1)C2
BB-0278,CS(=O)(=O)C[C@H]1C[C@H]1N
BB-0279,CC(C)C(O)C(F)F
BB-0280,COC(CS(=O)(=O)Cl)C1CC1
BB-0281,O=C(N[C@H]1C[C@@H](C(=O)O)C1)OCc1ccccc1
BB-0282,Cc1cnn(C(C)CN)c1
BB-0283,Cc1ncc2c(n1)CCC(C(=O)O)C2
BB-0284,NCCNO
BB-0285,C[C@H](O)c1ncccn1
BB-0286,COC(=O)C1CCN(C(=O)CC(C)=O)CC1
BB-0287,O=C(O)C1=C(c2ccccc2)N2CCS(=O)(=O)N=C2S1
BB-0288,Cn1nccc1C12CC(CN1)C2
BB-0289,CC(C)(C)OC(=O)NC1CC(CN)C1
BB-0290,NCc1ccnc(NC2CC2)c1
BB-0291,Cc1nc2ccccc2nc1CC#N
BB-0292,Cc1cc(C)c(C(=O)CCCC(=O)O)c(C)c1
BB-0293,Cc1c(CCl)oc2ccc(Cl)cc2c1=O
BB-0294,Nc1nncc(-c2cccc(F)c2)n1
BB-0295,COC(=O)c1ccc(C)c(Br)c1N
BB-0296,O=S1(=O)NCCNc2ccnc(Cl)c21
BB-0297,N[C@H]1CCc2c(Cl)cccc21
BB-0298,COc1c(C(F)(F)F)ccnc1C(=O)O
BB-0299,CC(O)C(C)(CN)Cc1ccc(F)cc1
BB-0300,COc1ccc(CNC(=O)C(C)Cl)cc1OC
BB-0301,Cc1nc(N)c2cccc(Cl)c2n1
BB-0302,O=C(O)c1ccc(C2CC2)cc1F
BB-0303,Oc1ccc2ncnn2c1
BB-0304,c1ccc2[nH]c(N3CCCNCC3)nc2c1
BB-0305,CCCCCCCCn1c(S)nc2sc3c(c2c1=O)CCCC3
BB-0306,CC(C)(CCc1ccccc1)C(=O)O
BB-0307,CC(C)(C)OC(=O)NC1(C2CCNCC2)CCC1
BB-0308,CC(C)c1nc2cc(CN)ccc2o1
BB-0309,O=C(O)[C@H]1[C@@H]2CC[C@@H](C2)[C@H]1c1ccccc1
BB-0310,Cc1cccc(C(CO)N2CCNCC2)c1
BB-0311,Cc1cc2nccc(N)n2n1
BB-0312,COC(=O)c1ccc(C)[nH]1
BB-0313,COC(=O)c1nc2cc(Br)ccc2n1C
BB-0314,O=C(O)C#Cc1cn[nH]c1
BB-0315,CNC(=O)Nc1nc2ccc(C(=O)O)cc2s1
BB-0316,N[C@H](CC(=O)O)Cc1ccccc1Br
BB-0317,Cc1c(Br)c(C(=O)NN)nn1C
BB-0318,Cc1cc2c(cc1C(F)(F)F)NCC2
BB-0319,NCCc1nnc2ccccn12
BB-0320,O=C(NCC(C(=O)O)c1cc(F)ccc1F)OCC1c2ccccc2-c2ccccc21
BB-0321,COC(=O)C1=C(B2OC(C)(C)C(C)(C)O2)CCCC1
BB-0322,Cc1ncc(C=O)c(N(C)C)n1
BB-0323,C[C@@]1(CN)COC[C@@H]2CCCN21
BB-0324,CCOC(=O)c1sc2ncc(C(=O)OC)cc2c1N
BB-0325,O=C1CN(C2CCCC2)c2cc(Br)c(F)cc2N1
BB-0326,Cc1nn(CCCO)c(C)c1Br
BB-0327,C#CCNC(=O)c1ccc(C)cc1C
BB-0328,COCC[C@@H]1C[C@H]1N
BB-0329,Cc1cc(C)c([N+](=O)[O-])cc1CO
BB-0330,CC(CN(C)C)C(=O)O
BB-0331,CCn1cnnc1C1CCNCC1
BB-0332,Cn1ccc(N=C=S)n1
BB-0333,O=Cc1nc2cc(F)ccc2o1
BB-0334,CCOC(=O)c1cnn2c(-c3cccc(N)c3)ccnc12
BB-0335,COc1cccc2c1C(C(=O)O)CC2=O
BB-0336,Nc1cc(-n2cnnn2)ccc1Cl
BB-0337,CC(Br)C(=O)c1ccc2c(c1)CCC(=O)N2
BB-0338,COc1cc(F)cc(/C=C/C(=O)O)c1
BB-0339,O=C1CCCc2cc[nH]c21
BB-0340,N#Cc1ccc(C(=O)CBr)cc1[N+](=O)[O-]
BB-0341,CC(=O)Nc1cc(Cl)ccc1C(=O)O
BB-0342,Cc1ccc(Cl)c2c1NC(=O)C2=O
BB-0343,O=C(O)Cc1c(F)ccc(Cl)c1F
BB-0344,COC(=O)C[C@H](N)c1cc([N+](=O)[O-])ccc1F
BB-0345,CCC1CNc2ccccc2C1
BB-0346,CC(C)CC(N)c1nnc2ccccn12
BB-0347,O=C(O)c1cccnc1OCCO
BB-0348,CC(=O)c1cc(C(N)C(=O)O)ccc1O
BB-0349,Cc1cccc(C(=O)C(N)=O)c1
BB-0350,Nc1nnc2[nH]cnn12
BB-0351,CCc1cc(Br)cc2c1NCCC2
BB-0352,O=C(Nc1ccccc1)NC1CCN(Cc2ccccc2)CC1
BB-0353,NC1C2CCOC2C12CCC2
BB-0354,CC(=O)N1CCC(C(=O)c2ccc(F)cc2F)CC1
BB-0355,CNC1CCCC1c1ccc(C(F)(F)F)cc1
BB-0356,COc1ccc2c(c1F)OCCN2
BB-0357,COC(=O)c1ccc2cc(Br)cc(C)c2n1
BB-0358,COc1ccc(C(C)C(=O)O)cc1Br
BB-0359,Brc1cn[nH]c1Cc1ccccc1
BB-0360,O=Cc1ccc(OC(F)F)c(F)c1F
BB-0361,Cc1cnn(C)c1C1(C(=O)O)CCCO1
BB-0362,CC(=O)c1ncccc1C(=O)O
BB-0363,CNC(C)(C)C(N)=O
BB-0364,CC(C)c1ccc2c(c1)NCCO2
BB-0365,CC(C)(C)OC(=O)N[C@H](COCc1ccccc1)C(=O)CBr
BB-0366,O=C(N[C@H](CS)C(=O)O)OCc1ccccc1
BB-0367,c1ccc2oc(C3CCCNC3)nc2c1
BB-0368,CCCCCC(CC)C(=O)O
BB-0369,COC(=O)c1cnc2n1CCCN2
BB-0370,CNCc1cc(OC)ns1
BB-0371,CC(C)C(CBr)C(C)C
BB-0372,O=C(O)C1NCCc2c1[nH]c1ccccc21
BB-0373,Cn1ccc(CC(N)C(=O)O)n1
BB-0374,Cc1cc(C)c(CN)c(=O)[nH]1
BB-0375,O=Cc1cccc(NC(=O)C(F)(F)F)c1
BB-0376,Nc1ccc2c(c1)CCCC2=O
BB-0377,COc1ccc(C2(C(=O)O)CC2)cc1Br
BB-0378,O=C(CBr)C1COc2ccccc2O1
BB-0379,O=C(O)c1ccc2c(c1)C(=O)CCN2
BB-0380,Cc1cc(F)cc(Br)c1
BB-0381,CC1COC(c2cccc(C(F)(F)F)c2)CN1
BB-0382,Oc1ccc(CCl)nn1
BB-0383,CC1(C)COc2cc(O)ccc21
BB-0384,Cn1c2c(c3ccccc31)CC(=O)OC2=O
BB-0385,Cc1ccc(N2CCNCC2=O)o1
BB-0386,O=C(O)Cn1cc(I)ccc1=O
BB-0387,Nc1c2c(nn1-c1ccccc1)COC2
BB-0388,CC(C)(C)OC(=O)N1CCN(C2CNC2)CC1
BB-0389,NCC(F)(F)C1CC1
BB-0390,Nc1ccc2[nH]c(=O)[nH]c2c1
BB-0391,O=C1CCCCC1CCCC1CC1
BB-0392,O=C(O)c1ccc(Cl)c2c1CCC2
BB-0393,O=C(O)C1CCNc2c1cccc2C(F)(F)F
BB-0394,COC(=O)c1nnsc1CBr
BB-0395,CC(=O)c1ccc(S(=O)(=O)N(C)C)cc1
BB-0396,O=C(O)c1cc(O)c2cccc(Br)c2n1
BB-0397,CC(C)COC(=O)NOCC(N)=O
BB-0398,CCC1CN(C(=O)OC(C)(C)C)CCC1C(=O)O
BB-0399,Cn1nnc(N)n1
BB-0400,NC(=O)C1(C(=O)O)CC1
BB-0401,FC(F)(F)c1cnc(C2CCCNC2)[nH]1
BB-0402,NC(=O)N1CCCc2c(N)cccc21
BB-0403,CCO[C@@H]1CC(=O)[C@H]1N1C(=O)CCC1=O
BB-0404,COc1ccc(Br)cc1C1CCCCN1
BB-0405,O=C1N[C@H](Cc2ccccc2)CO1
BB-0406,NC(=O)N1C[C@H]2[C@@H]3CC[C@@H](C3)[C@H]21
BB-0407,O=C1CCC(N2Cc3c(Br)cccc3C2=O)C(=O)N1
BB-0408,O=C(O)c1cc(-c2cccnc2)nc2c1cnn2Cc1cccnc1
BB-0409,O=C(O)c1cccn2c(I)cnc12
BB-0410,CCc1cccc(O)n1
BB-0411,COc1ccc(OCCBr)cc1OC
BB-0412,CCCNC(C(=O)O)C(C)C
BB-0413,COc1ccc(N)cc1-n1nnnc1C
BB-0414,FC(F)(F)C(F)(F)c1cc[nH]n1
BB-0415,CC1(C)OB(c2ccc(C(=O)c3ccccc3)cc2)OC1(C)C
BB-0416,O=C(O)C(=Cc1ccco1)NC(=O)c1ccccc1
BB-0417,Nc1cc2cccc(Br)c2cn1
BB-0418,C#Cc1sc(Cl)cc1Cl
BB-0419,CC(C)(F)c1cncc(C(=O)O)c1
BB-0420,O=C1CC(C(=O)O)Oc2ccccc21
BB-0421,COCCNCCC(F)(F)F
BB-0422,CC(C)(C)OC(=O)N1C[C@@H](CO)OC1(C)C
BB-0423,Brc1cccnc1OC1CCCNC1
BB-0424,O=C(O)CCN1C(=O)C(=O)c2ccc(F)cc21
BB-0425,Nc1[nH]ncc1C=O
BB-0426,O=C(CBr)C1CC(F)(F)C1
BB-0427,c1ccn(-c2cn[nH]c2)c1
BB-0428,Cc1cc(N2CCC(N)CC2)[nH]n1
BB-0429,CC(=O)Cc1ccncc1
BB-0430,CC(C)(C)OC(=O)c1cccc(N)c1Cl
BB-0431,NC1CCCc2cc(C(=O)O)ccc21
BB-0432,O=Cc1sccc1B(O)O
BB-0433,COc1ccc(I)c(CCC(=O)O)c1
BB-0434,CC(C)(C)CC1CC1N
BB-0435,NCc1noc2cc(F)ccc12
BB-0436,CC(C)(C)OC(=O)Nc1cc(OC(F)(F)F)ccc1C(=O)O
BB-0437,CC(O)CC1CCCCCN1
BB-0438,N=c1c(C(N)=O)c[nH]c2c(Br)cccc12
BB-0439,CC(C)(C)OC(=O)N[C@@H](CN)C(=O)O
BB-0440,CCOC(=O)C(C)OCCBr
BB-0441,C1CC(c2nc3c([nH]2)CNCC3)C1
BB-0442,COc1ccc(Cl)cc1N1CC(C(=O)O)CC1=O
BB-0443,Nc1cncc(I)c1O
BB-0444,CCCCCC(=O)CC
BB-0445,NCC12COCC(C(F)F)(C1)C2
BB-0446,CC(CN)Cc1cn[nH]c1
BB-0447,N#Cc1cnn2c1CNCC2
BB-0448,Cc1cc2nc(-c3cccc4ncccc34)[nH]c2cc1C
BB-0449,O=[N+]([O-])c1cc(Br)ccc1O
BB-0450,Cc1cc(C2CCNCC2)ccc1Br
BB-0451,CC(C)(C)OC(=O)NC1CC(=O)C12CCC(F)CC2
BB-0452,CCNC1CCSc2ccc(Br)cc21
BB-0453,CC(=O)OCC1CC2CCC21
BB-0454,Cc1ccc(C(C)N)cc1[N+](=O)[O-]
BB-0455,CS(=N)(=O)N1CCCCC1
BB-0456,COc1cc(C(=O)O)ccc1OCC(=O)Nc1cccc(C(F)(F)F)c1
BB-0457,NC1(c2nc(C3CCOCC3)no2)CCOCC1
BB-0458,O=C(O)C1CCN(C(=O)C2(c3ccccc3)CCC2)CC1
BB-0459,Cn1cc2c(n1)CC(C(=O)O)NC2=O
BB-0460,CCc1nn(C)c2ncc(C(=O)O)cc12
BB-0461,CNCCCCC(=O)OC
BB-0462,CC(=O)NCCc1ccc(S(=O)(=O)F)cc1
BB-0463,OC1CNC2(CCC2)c2[nH]cnc21
BB-0464,Cn1nncc1Cl
BB-0465,O=C(O)CNCc1c(F)cccc1Cl
BB-0466,CSCC1(CN)CC(F)(F)C1
BB-0467,COC(=O)c1ccc(Cl)c2c1CCNC2C
BB-0468,CC(=O)C(C#N)c1cccc(Br)c1
BB-0469,OCCNc1nc(N2CCN(c3ccccc3)CC2)nc2ccccc12
BB-0470,Cc1nc(N2CC[C@@H](N)C2)c(Cl)cc1C#N
BB-0471,CC(C)COc1ccc(C(C)(C)CN)cc1
BB-0472,Cc1cc(Br)c(F)cc1[N+](=O)[O-]
BB-0473,CC1(C)OB(c2cccc(COC3CCOC3)c2)OC1(C)C
BB-0474,COc1ccc(Br)c2c1OCCNC2
BB-0475,O=C1c2ccccc2C(=O)N1OC(=O)C1(F)CC1
BB-0476,COC(=O)c1cc(B2OC(C)(C)C(C)(C)O2)ccc1NC(=O)OC(C)(C)C
BB-0477,Cc1nn(-c2ccccc2)c(O)c1C=O
BB-0478,O=C1NC2(CI)CCC1C2
BB-0479,CCCc1ccc(C(=O)O)cc1N
BB-0480,CC(=O)CCc1ccccc1[N+](=O)[O-]
BB-0481,COC(=O)c1n[nH]c(C)c1[N+](=O)[O-]
BB-0482,COC(=O)c1ccc(CCN)c(Cl)c1
BB-0483,Cn1ncc(Br)c1CNC(=O)OC(C)(C)C
BB-0484,CCOC(=O)c1c(C)oc(N)c1C#N
BB-0485,CCn1ncc(CN(C)C(=O)c2cc(-c3ccc(NC4CN(C)C4)c(C)n3)nc3ccc(Cl)cc23)c1C
BB-0486,Cc1cc(Cl)c2nncn2n1
BB-0487,OC[C@@H]1CNCCO1
BB-0488,Cc1ccc(C(=O)O)c(O)c1C
BB-0489,COC(=O)Cc1cc(B2OC(C)(C)C(C)(C)O2)ccc1OC
BB-0490,CNS(=O)(=O)c1ccccc1CN
BB-0491,O=CCc1ccccc1OC(F)F
BB-0492,COc1cc(Br)cc(C(C)=O)c1O
BB-0493,COC(=O)C1Cc2cccc(Br)c2CN1
BB-0494,C#Cc1cc(OC)c(C=O)c(OC)c1
BB-0495,CC(C)(C)OC(=O)N[C@]1(C(=O)O)CC[C@H](O)C1
BB-0496,C1NCC2CN(C3CC3)CC12
BB-0497,Cc1ncc(CN=[N+]=[N-])s1
BB-0498,CC(NC(=O)Cc1cccc2ccccc12)C(=O)O
BB-0499,O=C(O)c1c[nH]nc1C1CCCN(C(=O)OCC2c3ccccc3-c3ccccc32)C1
BB-0500,COC(=O)c1cccc(CCCC(=O)O)c1
BB-0501,COc1ccc2[nH]c3c(c2c1)CCCC3=O
BB-0502,Cc1cc(NC(=O)C(C)Cl)on1
BB-0503,CCOC(=O)c1nocc1OC
BB-0504,CCOC(=O)c1cnn(C)c1C(C)=O
BB-0505,CCOC(=O)c1cnc2ncnn2c1N
BB-0506,Cc1ccc(-c2cccc(Cl)c2)cc1N
BB-0507,CC(=O)CCc1n[nH]c2ccccc12
BB-0508,CC(C)(C)C(N)c1cccc(C(=O)O)c1
BB-0509,COc1cc(C)c(C=O)cc1O
BB-0510,C#Cc1cccc(OC)n1
BB-0511,CC(C)n1c(=O)n(C)c2cnc3cc(F)c(Br)cc3c21
BB-0512,FC(F)Oc1ccccc1I
BB-0513,CNCc1ccc(Br)c([N+](=O)[O-])c1
BB-0514,COc1ccc(CC(=O)O)cc1Cl
BB-0515,Nc1nccc2cnccc12
BB-0516,CCOc1ccc2c(c1)C(N)CCO2
BB-0517,CC(C)n1cc(C2(O)CCCNC2)nn1
BB-0518,CC(C)(C)OC(=O)Nc1csc(Cl)c1
BB-0519,CC(C)(C)OC(=O)c1cc(N)cc(F)c1
BB-0520,NCC1(c2cccc(C(F)(F)F)c2)CCCC1
BB-0521,Fc1nccc(CCl)c1Cl
BB-0522,CCC12CNC(CO)(C1)C2
BB-0523,Cn1c(=O)c2c(nc(NCCN)n2Cc2ccc(Cl)cc2Cl)n(C)c1=O
BB-0524,CCOC(=O)C(C)=Cc1cccnc1
BB-0525,O=C(O)COC1CCN(C(=O)OCC2c3ccccc3-c3ccccc32)CC1
BB-0526,Cc1nc(C2CC2)nc(C)c1C(=O)O
BB-0527,O=c1[nH]c(=O)n([C@@H]2O[C@H](CO)[C@@H](O)[C@H]2O)cc1I
BB-0528,COC(=O)c1cc2cc(Br)cnc2s1
BB-0529,CCOC(=O)c1[nH]cc(C=O)c1C
BB-0530,CNCC1CCc2nc(C)cn2C1
BB-0531,NCC(=O)NCCc1ccccc1
BB-0532,CC(C(=O)O)N1C(=O)c2nccnc2C1=O
BB-0533,N[C@H]1C[C@H]2CCCC[C@H]2C1
BB-0534,CC1(C)OB(c2ccc3c(c2)C(=O)N(C2CCC(=O)NC2=O)C3=O)OC1(C)C
BB-0535,COc1cc(CCN)cc(OC)c1C
BB-0536,CCCCCCCCCCC(O)CCCCCC
BB-0537,CCc1cc(F)ccc1CC(=O)O
BB-0538,N[C@@H](Cc1ccc([N+](=O)[O-])cc1)C(=O)O
BB-0539,CCOC(=O)C1CC(C)CN1
BB-0540,CNC(=O)c1ccc2n1CCNC2C
BB-0541,Cc1n[nH]c2nc(F)ccc12
BB-0542,O=C1c2ccccc2C(=O)N1CCCCS(=O)(=O)Cl
BB-0543,COC(=O)C1CC(c2ccc(Br)cc2)C1
BB-0544,CC(C)(C)OC(=O)N1CCOCCC1C(=O)O
BB-0545,Nc1cnn(CCN2CCNC2=O)c1
BB-0546,COCc1cc(C(C)=O)ccc1OC
BB-0547,CC(C)N1CCC(Cl)CC1
BB-0548,Cc1cccc(COCC(=O)O)c1
BB-0549,N#CC1(C(F)(F)F)CCCC1
BB-0550,CCOC(=O)c1nc(Br)c2n1CCCC2
BB-0551,FC(F)CNCC(F)(F)F
BB-0552,Cc1ccc(C2CC2)c(C(=O)O)c1
BB-0553,CCC1CCC(C#N)CC1
BB-0554,COc1ccc(Br)c2[nH]c(C(=O)O)cc12
BB-0555,CC(=O)c1cc(Cl)sc1Cl
BB-0556,Cc1cc(Cl)ccc1CCN
BB-0557,Cc1ccnc(C(N)C2CC2)n1
BB-0558,NC1CCCN(c2ccc(Cl)cc2Cl)C1=O
BB-0559,Nc1cc(C(F)(F)F)ncc1Br
BB-0560,O=C1C=C(c2cccc(CO)n2)CCC1
BB-0561,CCCCCCCCNC(=O)CC(=O)O
BB-0562,C=CC(F)(F)CO
BB-0563,NS(=O)(=O)c1ccc(NC(=O)C2CC2)cc1
BB-0564,CC(CF)CC(=O)O
BB-0565,Clc1ccc(Cl)c(OCC2CO2)c1
BB-0566,CC(=O)c1nc2ccc(Cl)cc2n1C
BB-0567,CC(C)(C)OC(=O)Nc1ccc(O)c(N)c1
BB-0568,COC(=O)C1(CN)CC1S(C)(=O)=O
BB-0569,Clc1ccc(Br)c2c1CNCC2
BB-0570,NC(=O)C(N)Cc1cccc(F)c1
BB-0571,O=C1CN2CCC[C@@H]2CN1
BB-0572,COc1ccc(C(F)(F)F)cc1N
BB-0573,O=C(O)c1cnc2c(c1)NCCO2
BB-0574,O=S1(=O)CCCc2cccc(Br)c21
BB-0575,CC1CN(C(=O)c2n[nH]cc2N)CCCO1
BB-0576,CNC(=O)C(N)CC1CCCCC1
BB-0577,CC(N)C(=O)Nc1cc(C(F)(F)F)n[nH]1
BB-0578,Cc1cc2oc(=O)c3c(c2cc1O)CCCC3
BB-0579,Cc1cc(C)c2ccc(O)cc2n1
BB-0580,COc1ccc(S(=O)(=O)F)cc1C(=O)O
BB-0581,Cc1nn(-c2ccccc2F)c(C)c1C1COCCN1
BB-0582,O=C(O)C1=CC=CN2CCCN=C12
BB-0583,CCOC(=O)c1[nH]c(C)c(C(=O)O)c1CC
BB-0584,CC1(OCC(=O)O)CNC1
BB-0585,Cc1cc(C(CC(=O)O)CC(=O)O)ccc1Br
BB-0586,CC1(c2ccccc2)C=CC(=O)CC1
BB-0587,O=C(O)c1[nH]ncc1C1CCCNC1
BB-0588,Cc1ccc(C2(O)CCNC2)cn1
BB-0589,CC(C)(C)OC(=O)N1CCOC[C@H]1C(=O)O
BB-0590,Cc1nc(N)nc(N)n1
BB-0591,Cc1c(Br)cccc1[C@@H]1C[C@H]1C(=O)O
BB-0592,CCCCc1cc(=O)oc2c(C)c(O)c(C(=O)C=CN(C)C)cc12
BB-0593,CC(C)(C)OC(=O)NCCN(CC(=O)O)C(=O)OCC1c2ccccc2-c2ccccc21
BB-0594,Cc1nc2cccnc2nc1Cl
BB-0595,CC1CCC(C(C)C)C(OC(=O)c2ccccc2NC(=O)CCl)C1
BB-0596,Cc1cccc(N)c1C(N)=O
BB-0597,Brc1ccc2c(c1)C1(CC2)COCOC1
BB-0598,O=C(Nc1ccccc1)[C@H]1CC[C@H]1C(F)F
BB-0599,CC1CN(Cc2ccccc2CN)CC(C)O1
BB-0600,CC(C)(C)c1ccc(OCCCN)cc1
BB-0601,COC(=O)[C@H](N)Cc1c[nH]c2ccccc12
BB-0602,CC(C)c1cccc2c1OCCCC2=O
BB-0603,CC(CO)NCc1ccccc1
BB-0604,CCOC(=O)Cc1cc2cnccc2nc1C
BB-0605,Fc1cc(Cl)c(I)cn1
BB-0606,COC(=O)c1cc2c(OC)nccc2[nH]1
BB-0607,CCn1cc([C@@H]2NC(=O)CC[C@H]2N)cn1
BB-0608,COC(=O)c1ccc(C)cc1C1CC1
BB-0609,CN(C)c1ncc(C(=O)O)c(Cl)c1F
BB-0610,COC(=O)c1ccn(C)n1
BB-0611,O=C(O)C(F)(F)C(F)(F)C(F)(F)C(F)F
BB-0612,CCOC(=O)CCCC(=O)Cl
BB-0613,CC(C)(C)OC(=O)NCc1cc(N)cc(C(F)(F)F)c1
BB-0614,COC(C(=N)N)C1CC1
BB-0615,COCC(=O)NN
BB-0616,c1csc(CC2CNC2)c1
BB-0617,NCc1ccc(-c2cccc(F)c2)o1
BB-0618,CCCc1ccc(N)c(C(=O)O)c1
BB-0619,NCCN1Cc2ncsc2C1
BB-0620,COC(=O)c1cc2ccc(Br)cc2cn1
BB-0621,Nc1ccnc(F)c1Br
BB-0622,CC1(C)Oc2cc(Br)c(CN)cc2O1
BB-0623,c1ccc2c(CC3COCCN3)c[nH]c2c1
BB-0624,COc1cc(I)c(C2CC2)cc1Cl
BB-0625,CC(C)(C)OC(=O)N1CCCC(C(F)C(=O)O)C1
BB-0626,CCOC(=O)c1[nH]c(C)c(C(=O)O)c1C
BB-0627,O=C(/C=C(/[O-])C(F)(F)F)c1cccnc1
BB-0628,NC(=O)c1cccc(CNC2CC2)c1
BB-0629,c1cnc2c(c1)C1(CCNCC1)CO2
BB-0630,COC(=O)C[C@H](N)c1ccnc(O)c1
BB-0631,Cn1ncc2c1CC(C(=O)O)N(C(=O)OC(C)(C)C)C2
BB-0632,CC(CC(=O)O)c1cccc(Br)c1
BB-0633,C#CCN(C)C(N)=NC(=N)N
BB-0634,Fc1ccc(-c2cnc(S)o2)cc1
BB-0635,O=c1[nH]c2ccccc2n1-c1ccccn1
BB-0636,Nc1ccc(S(N)(=O)=O)cc1N
BB-0637,Cn1nccc1NC(=O)OCC(F)(F)F
BB-0638,O=C(O)Cc1csc(NS(=O)(=O)c2ccc(F)cc2)n1
BB-0639,COc1ccccc1C1CNCCO1
BB-0640,COC(=O)c1nocc1-c1ccc(Cl)cc1
BB-0641,O=C(O)c1cc(C2CN(C(=O)OCC3c4ccccc4-c4ccccc43)C2)n[nH]1
BB-0642,Clc1ncnc2c1COCC2
BB-0643,O=CCCCCCO
BB-0644,Fc1ccc(-c2cccc(F)c2F)cc1CBr
BB-0645,O=C(/C(=N/N=C/c1ccc2c(c1)OCO2)c1ccccc1)c1ccccc1
BB-0646,Cc1cc(Cl)cc(Br)c1C(N)=O
BB-0647,NCc1cc(Br)cc2cccnc12
BB-0648,NS(=O)(=O)C1c2ccccc2-c2ccccc21
BB-0649,C=CC(=O)Nc1ccc(C)cc1
BB-0650,CC(C)(C)OC(=O)N1CC(c2nnc(N)o2)C1
BB-0651,O=C(CBr)c1ccc(OCc2ccccc2)c([N+](=O)[O-])c1
BB-0652,COC(=O)C(Cl)=C1CC1
BB-0653,FC(F)(F)c1ccc2ncc(Cl)nc2c1
BB-0654,CCOC(=O)c1cnc2c(cnn2CC)c1Cl
BB-0655,COc1ccc(F)cc1CCBr
BB-0656,O=C1NCCCc2[nH]c3ccc(Cl)cc3c21
BB-0657,CC(Cl)C(=O)Nc1ccccc1C(C)C
BB-0658,Fc1cc(Br)c(Cl)c2ccncc12
BB-0659,Cc1noc(C2CNCC23COC3)n1
BB-0660,Cc1c(S(=O)(=O)Cl)sc2ccc(Br)cc12
BB-0661,O=C1CC(C2CCCO2)CN1
BB-0662,C#CC[C@@H](NC(=O)OC(C)(C)C)C(=O)O
BB-0663,O=C(O)/C(F)=C/c1c[nH]cn1
BB-0664,COC(=O)Cc1nnc(CN)s1
BB-0665,O=C(CCl)N1CCN(C(=O)Nc2ccccc2)CC1
BB-0666,CCn1nc(C)cc1B1OC(C)(C)C(C)(C)O1
BB-0667,ClC(Cl)C(Cl)C(Cl)Cl
BB-0668,Nc1nc(-c2ccc3c(c2)-c2ccccc2C3)cs1
BB-0669,COC(=O)c1cc2c(o1)CCCC2=O
BB-0670,CC1=C(C(=O)O)C(C)n2ncnc2N1C
BB-0671,CC(C)(C)OC(=O)N1CCC2(C(=O)O)CCCCCC12
BB-0672,NCc1ncc(I)s1
BB-0673,OC1(c2ccccc2Cl)CCNCC1
BB-0674,O=C(O)/C=C/c1cc(Cl)c2c(c1)OCO2
BB-0675,O=S(=O)(CCBr)CCBr
BB-0676,Cc1ccc([N+](=O)[O-])c(CC(=O)O)c1
BB-0677,C=CCCCOC(=O)C(CC)N(Cc1ccco1)C(=O)n1ccnc1
BB-0678,CO[C@H]1C[C@@H](CN)N(c2cc(C)ncn2)C1
BB-0679,CCOC(=O)c1n[nH]c2c1CNCC2
BB-0680,C=CCOc1ccc(CNC(C)(C)C)cc1
BB-0681,COC(=O)C1(F)CCNCC1
BB-0682,CSc1nn(C)c(N)c1C#N
BB-0683,Cc1cscc1C(=O)O
BB-0684,Cc1c(N=C=O)cnn1C
BB-0685,CC(C)(C)OC(=O)CCn1ccc(C=O)n1
BB-0686,CCCCC1CCC(N=C=O)CC1
BB-0687,CC(C)(C)OC(=O)N1CCCC(C(=N)N)C1
BB-0688,Cc1ccccc1-c1cc(N)n(Cc2ccccc2)n1
BB-0689,Cc1cc(C=O)c(C)n1-c1cc(C(F)(F)F)ccc1Cl
BB-0690,O=S(=O)([O-])C(O)Cc1c[nH]c2ccccc12
BB-0691,O=[N+]([O-])c1c(O)c(F)cc(Br)c1F
BB-0692,O=C(O)C1CCc2cc(Br)ccc2N1
BB-0693,N#CC1(c2cccc(Cl)n2)CCC1
BB-0694,Cc1ncsc1C(=O)N1CCCNCC1
BB-0695,Fc1cccc(Cl)c1Cl
BB-0696,CCOCOc1cnccc1B1OC(C)(C)C(C)(C)O1
BB-0697,CC(O)C(=O)NC1CC1
BB-0698,CCOC(=O)C1(F)CNCC12CCC2
BB-0699,O=Cc1ccc([N+](=O)[O-])c(N2CCC(O)CC2)c1
BB-0700,CCc1cc(OCC(=O)O)ccc1Cl
BB-0701,NC1CC1Cc1ccccc1C(F)(F)F
BB-0702,O=C1CC(CO)(c2ccccc2)CN1
BB-0703,CC(C)Oc1ncc(N)cc1Cl
BB-0704,C=CCc1c(C(=O)OC)ccc(Br)c1O
BB-0705,NN=C(C(=O)c1ccccc1)c1ccccc1
BB-0706,O=C(O)[C@H]1C[C@@]12CCCc1ccccc12
BB-0707,COC(=O)c1cc2c([nH]1)CNCC2
BB-0708,COC(=O)C1CC2(CCCCC2)CC1=O
BB-0709,CCc1cnc(S)n1C(C)c1ccc(F)cc1
BB-0710,O[C@@H]1[C@@H]2CO[C@H]1CN2
BB-0711,COCCn1cnnc1S
BB-0712,COC(=O)c1ncc(OC)cc1C
BB-0713,c1coc(-c2cc(C3CCNCC3)[nH]n2)c1
BB-0714,NC(=O)c1ncn(C2CCNCC2)c1N
BB-0715,O=C(O)C1CCNCC1(F)F
BB-0716,CC1CCC2(CN1)OC(=O)Nc1ccc(Cl)c(F)c12
BB-0717,COc1ccc(NCC2CC2)c(N)c1
BB-0718,ClCc1cc(Cl)ncn1
BB-0719,O=C(C1CCCN1)N1CCCCCC1
BB-0720,COC(=O)c1ccccc1COc1cc(C)ccc1C
BB-0721,CC(=O)N1CC2CCC(=O)c3cccc1c32
BB-0722,Cc1ccc(Cl)nc1N
BB-0723,N#CCC1CN(C(=O)OCc2ccccc2)CCC1=O
BB-0724,FC(F)(F)CCC1CNCCO1
BB-0725,COc1ccc(C(=O)C2CCCN2)cc1
BB-0726,CC(C)(O)C(=O)c1cccc(Br)c1
BB-0727,CC(C)(N)C(=O)Nc1ccccc1
BB-0728,c1cc(OCC2CO2)c2cc[nH]c2c1
BB-0729,COC(=O)c1ccc(-c2cccc(C)c2)[nH]1
BB-0730,CC(O)C(N)c1ccccc1F
BB-0731,FC(F)[C@@H]1CNCCO1
BB-0732,CNC(=O)c1cc(C)cc(C=O)c1
BB-0733,CC(C)CC1(CN)N=N1
BB-0734,NC1CCOc2ncc(C(=O)O)cc21
BB-0735,Nc1ccc(Cn2cc(Br)cn2)cc1
BB-0736,ON=C1CCN(Cc2ccc(Cl)cc2)CC1
BB-0737,NCC(O)C(=O)O
BB-0738,CCOC(=O)c1cc(CC)[nH]n1
BB-0739,Cn1cc(S(=O)(=O)Nc2ccccc2)cc1C(N)=O
BB-0740,O=C(O)[C@]12CC[C@H]1CN(Cc1ccccc1)C2
BB-0741,Cc1cc(C)c(S(N)(=O)=O)cc1Br
BB-0742,COC(=O)c1ccc(Cn2cc(Br)c([N+](=O)[O-])n2)o1
BB-0743,CN=S(C)(=O)c1ccc(C(=O)O)cc1
BB-0744,Clc1ccccc1CNC1CC1
BB-0745,O=C(O)[C@@H]1OCC[C@H]1c1ccc(Br)cc1
BB-0746,CC(C)CC1CCC(=O)C1
BB-0747,OCC12CCCN(CCC1)C2
BB-0748,CCCCn1ncc(C(=O)O)c1C
BB-0749,O=C(O)CCCNc1ccnc2cc(Cl)ccc12
BB-0750,COc1cc(Cl)ccc1C(N)CO
BB-0751,CN1CCN(C(=O)CCBr)CC1
BB-0752,Cc1cc(Cl)cc2c(=O)oc(=O)[nH]c12
BB-0753,COC(=O)c1cnn(C)c1S(=O)(=O)Cl
BB-0754,NC(CC(=O)O)c1ccncc1
BB-0755,CCCNc1nc2ccc(C)cc2c(=O)[nH]1
BB-0756,N#Cc1cnc2cnccn12
BB-0757,CCc1cc(C=O)cc(C)c1O
BB-0758,O=C1OC2(CCNCC2)c2cccnc21
BB-0759,Cc1nn(C)c(N2CCC2)c1N
BB-0760,CC(=O)c1ncc(C)cc1Br
BB-0761,CC(C)(C)OC(=O)N1C[C@@H]2C[C@H](C1)[C@@H](C(F)(F)F)[C@@H]2C(=O)O
BB-0762,Cc1cccc(NC(=O)Oc2ccccc2)c1
BB-0763,CC(C)(CN)c1cc[nH]c(=O)c1
BB-0764,CCNCc1nc2ccccc2c(=O)[nH]1
BB-0765,NC(CC(=O)O)Cc1ccc([N+](=O)[O-])cc1
BB-0766,CCC(=O)CC(=O)c1ccc(C(F)(F)F)cc1
BB-0767,CCOC(=O)NS(C)(=O)=O
BB-0768,NC(CC(=O)O)c1cccc(I)c1
BB-0769,O=[N+]([O-])c1c[nH]nc1-c1ccncc1
BB-0770,O=C(O)c1ccc(Oc2ccc(F)cc2)cn1
BB-0771,CC(N)CSCc1ccccc1
BB-0772,Cc1c(N)c(C(N)=O)nn1C
BB-0773,COC(=O)c1cccc2c(C=O)n[nH]c12
BB-0774,COCCNC(=O)c1c(N)sc2c1CCCC2
BB-0775,COC(=O)C1CCC2(CC(=O)N2)C1
BB-0776,Nc1ccc(Br)cc1C(=O)c1ccc(F)cc1
BB-0777,Nc1nc(-c2sccc2F)cs1
BB-0778,COc1cc(OC)cc(C(C)(C)C(=O)O)c1
BB-0779,CCOC(=O)C1CNc2c(F)cccc2C1
BB-0780,NS(=O)(=O)c1cc(F)cc(F)c1
BB-0781,COC(=O)c1cc2c(Cl)cccc2[nH]1
BB-0782,Cc1ccc(S(=O)(=O)NC(C(=O)O)C(C)C)cc1C
BB-0783,O=Cc1cc(F)c(Br)cc1[N+](=O)[O-]
BB-0784,NC(=O)C1CCCc2ccccc2N1
BB-0785,Cc1cc(C2CCCN2)no1
BB-0786,Cn1cc([C@@H]2[C@@H](C(N)=O)CC(=O)N2C(C)(C)C)cn1
BB-0787,NCc1cccc(Br)c1Cl
BB-0788,Clc1ccc(CBr)c(I)c1
BB-0789,O=C1CC2CC(CI)(C2)N1
BB-0790,CC(C)c1c[nH]c(Br)n1
BB-0791,Nc1ccc(F)cc1N1CCCC1=O
BB-0792,CCCN1C(=O)C(=O)c2cc(Br)ccc21
BB-0793,Oc1ccc(-c2ccco2)nn1
BB-0794,Cc1ccc(OCC(=O)O)c2c1C(C)CC2=O
BB-0795,NCC12CC3CC(C1)CC(C(F)(F)F)(C3)C2
BB-0796,O=C(O)c1cc2[nH]nnc2cc1F
BB-0797,COC(=O)C[C@H](N)Cc1cccc(F)c1
BB-0798,CC(C)(C)OC(=O)N[C@H]1c2ccccc2C[C@@H]1N
BB-0799,N#CCc1ccc(B(O)O)cc1
BB-0800,CC(C)n1c(=O)cc(Cl)[nH]c1=O
BB-0801,C[Si](C)(C)C#Cc1nc(Cl)nc(Cl)n1
BB-0802,COC(C(C)N)C1CC1
BB-0803,NC(=O)c1ccc(COc2ccc(I)cc2)c(F)c1
BB-0804,Nc1oc2ccc(F)cc2c(=O)c1C=O
BB-0805,Cc1nn2c(c1Br)CNCC2
BB-0806,COC(=O)c1c(N)c(C#N)c2n1CCOC2
BB-0807,Cc1nn(C(F)F)c2cc(Br)ccc12
BB-0808,CC1(CCBr)CCOC1
BB-0809,NC(=O)CC(NC(=O)c1ccccc1F)C(=O)O
BB-0810,CC(C)(C)OC(=O)N1CCOc2cc(Br)cnc21
BB-0811,FC(F)(F)c1cnc(C2CCCCN2)nc1
BB-0812,Cc1ccc(C)c(-c2cc(C)c(N)cc2Cl)c1
BB-0813,CC(C)(C)OC(=O)N1CCC(Nc2ccccc2N)C1
BB-0814,COc1ccc(O)c(C(C)N)c1
BB-0815,COCc1nc(C2CCCCCN2)no1
BB-0816,NCc1nnn(-c2ccc(Cl)c(C(F)(F)F)c2)n1
BB-0817,N#Cc1ccc(N2CCCC(N)C2=O)cc1
BB-0818,CC(C)(N)COc1ccc(C(F)(F)F)cn1
BB-0819,O=C(O)c1ncc2c(F)cccn12
BB-0820,NCc1ccc(C2CCOCC2)cc1
BB-0821,COc1ccc2c(c1OC)CCC2=O
BB-0822,CC(=O)Nc1ccc(C)cc1N
BB-0823,Nc1cccc2c1CN(CC(F)(F)F)C2
BB-0824,CC(CC(=O)O)C1CC1
BB-0825,COC(=O)C1(F)CNCC12CCOCC2
BB-0826,CCCC1Oc2ccc(C)cc2C1=O
BB-0827,CC(C)C(CO)C(=O)O
BB-0828,C#Cc1cccc2sccc12
BB-0829,C#CCCCC
BB-0830,Cn1cnc2ccc(Cl)cc2c1=O
BB-0831,Nc1nccn(C2CC2)c1=O
BB-0832,CC(C)C(=O)c1cnccc1N
BB-0833,CC(C)NC(N)=O
BB-0834,Cc1ccc(Br)cc1NC(=O)CN
BB-0835,Cc1ccccc1-n1c(S)nc2sc3c(c2c1=O)CCCCC3
BB-0836,C#CCCCCCC(NC(=O)OC(C)(C)C)C(=O)O
BB-0837,CC(=O)c1cc([N+](=O)[O-])nn1C
BB-0838,CCCn1c(N)nc2ccccc21
BB-0839,COC(=O)[C@@H](CC1CCCCC1)N=C=O
BB-0840,O=C(O)C1(c2cccc(Cl)c2)CCNCC1
BB-0841,Cc1ccc(C2CC(C(F)(F)F)n3nccc3N2)s1
BB-0842,CC(C)[C@@H]1CN(Cc2ccccc2)C[C@H]1C(=O)O
BB-0843,Cn1c(=O)c2[nH]cnc2n(C)c1=O
BB-0844,CC(=O)c1ccc(C)c(C)c1O
BB-0845,Oc1ncnn2c(I)cnc12
BB-0846,CC(C)Cn1c(N)c(C(=O)CCl)c(=O)[nH]c1=O
BB-0847,COC(=O)c1cc2c(Br)ccc(C)c2[nH]1
BB-0848,OC1(c2cccc(C(F)(F)F)c2)CCNCC1
BB-0849,OCc1cc(Br)cc2c1OCC2
BB-0850,CCCc1cc(=O)[nH]c(S)n1
BB-0851,C=CCOc1c(C)cccc1C(=O)O
BB-0852,COc1ccccc1C(O)C1CCNCC1
BB-0853,COc1ccc2c(c1)C(N)C(OC)CC2
BB-0854,OC[C@H]1Cc2ccccc2N1
BB-0855,OC1CCCCC1O
BB-0856,COc1ccc(C(N)C(F)F)cc1F
BB-0857,CCCNC1CCN(C)C1
BB-0858,CC(F)(F)c1nnc(N)o1
BB-0859,CC1(C)CC(=O)NC(=O)C1
BB-0860,CC(C)Cc1nn(C)c(C(N)=O)c1N
BB-0861,CCc1csc(C2CCCNC2)n1
BB-0862,O=C(O)c1ccc(COc2ccc(Br)cc2Br)o1
BB-0863,N#Cc1ccc(C(=O)NNC(=O)CCl)cc1
BB-0864,CC(B1OC(C)(C)C(C)(C)O1)=C1CCNCC1
BB-0865,c1ncn(-c2ccc(CNC3CC3)cc2)n1
BB-0866,O=C(O)C#CC1CC12CCC2
BB-0867,CC1NCCSC1C
BB-0868,C[C@H]1CN(c2ccc3c(c2)C(=O)N(C2CCC(=O)NC2=O)C3=O)CCN1
BB-0869,Cc1c(S(=O)(=O)Cl)cnn1CC(C)C
BB-0870,CCC1CCCCN1C(=O)C(C)Cl
BB-0871,COc1ccc2c(=O)n(C)c(-c3ccc(Cl)cc3)nc2c1
BB-0872,CCOC(=O)c1nc2c(Br)cccn2c1C
BB-0873,COCc1noc(C2(N)CCOCC2)n1
BB-0874,O=C(CCl)N1CCc2[nH]c3ccccc3c2C1
BB-0875,CC(C)(C)OC(=O)Nc1cccc(C2(C(=O)O)CCC2)c1
BB-0876,Cc1cnc(C=O)cc1C
BB-0877,CC(C)(C)OC(=O)N[C@H](CCC(F)F)C(=O)O
BB-0878,CNCc1cc2c(cc1Br)OCO2
BB-0879,CCC[C@@H]1CNC[C@H]1C(=O)OC
BB-0880,NC1CCOCc2c(Br)cncc21
BB-0881,Cc1cc(Cl)cc(C#N)c1N
BB-0882,CCCc1ccc(N)c(C#N)c1
BB-0883,O=C(CCCl)c1ccccc1F
BB-0884,Cc1cccc(C(N)CCO)c1
BB-0885,Cc1ccc(-c2cnccn2)cc1N
BB-0886,O=C(O)Cc1ccc(F)cc1I
BB-0887,Nc1ncn(-c2ccncc2)n1
BB-0888,CCn1c(C(=O)O)c(C=O)c2cc(Br)ccc21
BB-0889,FC(F)(F)c1nc2ccccn2c1Br
BB-0890,Cc1cc(Br)cc(C2(C(=O)O)CC2)c1
BB-0891,COc1ccc(-c2nc(C)sc2CC(=O)O)cc1
BB-0892,CC(C)(CO)C(CN)c1ccccc1
BB-0893,CC(F)(F)C(F)(F)CO
BB-0894,O=C(c1c(F)cccc1Cl)N1CCNCC1
BB-0895,O=C(O)c1cc(C=Cc2cccs2)nc2ccc(Br)cc12
BB-0896,Nc1cc2c(cn1)OCC2
BB-0897,COc1cc(C)c(Br)cc1OC
BB-0898,Cc1cc2c(c(Cl)c1Br)OCO2
BB-0899,CN1CC(=O)NC(=O)C1
BB-0900,COc1ccc(C2C(CO)CCC(=O)N2C)cc1
BB-0901,CCOC(=O)c1cn2cc(Br)ccc2n1
BB-0902,Cc1cccc(N2CCN(CCCN)CC2)c1
BB-0903,COc1nc(Br)c(F)cc1N
BB-0904,CONCC1CCC(C(C)(C)C)CC1
BB-0905,Cc1ccc(C)c(CN=C=O)c1
BB-0906,CP(C)(=O)c1ncccc1CN
BB-0907,Clc1nc(C2CC2)nc2c1CCC2
BB-0908,Nc1c(Cl)nnc(Cl)c1[N+](=O)[O-]
BB-0909,N#Cc1cc(Cl)cc2[nH]ncc12
BB-0910,COc1ccc2c(Cl)nc(Cl)cc2c1
BB-0911,COCC1(S(=O)(=O)Cl)CC1
BB-0912,CC1(C)OB(c2ccccc2C2CCCC2)OC1(C)C
BB-0913,CCn1c(C)cc(O)cc1=O
BB-0914,Cc1nc(C(=O)NCC(=O)O)c(O)c2ccc(Oc3ccccc3)cc12
BB-0915,Cc1cc(Cl)cc2c1OCCCC2=O
BB-0916,FC(F)Oc1cccc(-c2ncc[nH]2)c1
BB-0917,N[C@]1(C(F)(F)F)CC[C@H](C(=O)O)CC1
BB-0918,O=S(=O)(Cl)Cc1ccc(F)cc1F
BB-0919,Nc1cc2ccccc2nc1Cl
BB-0920,C[C@](N)(CO)c1ccccc1
BB-0921,NC1CCCN(c2ccccc2F)C1=O
BB-0922,O=C(Nc1ccc2[nH]ccc2c1)c1ccccc1
BB-0923,Cn1nc(CO)c(Br)c1Cl
BB-0924,FC(F)(F)c1cccc(C2CCNCC2)n1
BB-0925,Nc1cncc(-c2cnn(C3CCCCO3)c2)c1
BB-0926,CC(C)(C)OC(=O)N1CCc2ccnc(N)c2C1
BB-0927,Cc1nc2cc(Br)ccc2n1C
BB-0928,N#Cc1ccccc1CCC(=O)O
BB-0929,C[C@H]1C[C@]1(C)N
BB-0930,CN(CC(F)F)C1CCNCC1
BB-0931,Cc1cc(N)c(C)nn1
BB-0932,C[C@H]1CN(C)C[C@@H](C(=O)NN)O1
BB-0933,CC1NCCC1c1ccccc1
BB-0934,COc1c(Cl)ccc2c1NC(=O)C2=O
BB-0935,COCc1sccc1Br
BB-0936,NC1CCCN(CCCO)C1
BB-0937,O=Cc1cc(CCl)c2c(c1)COCO2
BB-0938,CCN1C(=O)C[C@H](C(=O)OC)[C@H]1c1ccncc1
BB-0939,C=CC(=O)Nc1ccccc1F
BB-0940,O=C1NCCOc2cc(F)c(Br)cc21
BB-0941,O=C1CN(C(=O)C(=O)O)c2ccccc2N1
BB-0942,NCCC1=CCCCC1
BB-0943,CC(N)C#CC(=O)O
BB-0944,O=[N+]([O-])c1c(CBr)ccc2ccccc12
BB-0945,CC(C)Nc1ccc(S(=O)(=O)NCC(=O)O)cc1[N+](=O)[O-]
BB-0946,Oc1cnc2cc(Cl)ccc2n1
BB-0947,C[C@@H]1CCC[C@H](CC(=O)O)O1
BB-0948,COc1ccc2c(c1)OCC(C=O)=C2
BB-0949,O=C(O)c1cccc2c1CCC2=O
BB-0950,COCc1cc(Cl)cc(C(=O)O)c1
BB-0951,COCCn1nc(C)c(N)c1C
BB-0952,Cn1nc(C(F)F)nc1C(=O)[O-]
BB-0953,C#CC(O)CN
BB-0954,O=C(O)c1ccc(Oc2ccc(Cl)cc2)c(Cl)c1
BB-0955,CC1CCN(CCOc2ccc(Br)cc2)C1
BB-0956,NCC1CC=C(C(=O)O)CC1
BB-0957,COC(=O)CCC1CN(C(=O)OC(C)(C)C)C1
BB-0958,COc1cc(C=O)ccc1OC(C)C(=O)O
BB-0959,Cc1[nH]c(C(=O)O)c(C)c1C=O
BB-0960,COc1ccc(Br)cc1C(N)CO
BB-0961,O=C(O)CCc1nnc(CNC(=O)OCC2c3ccccc3-c3ccccc32)s1
BB-0962,C[C@H]1CNCC[C@H]1N(C)C
BB-0963,COC(=O)c1nc(Br)cnc1N
BB-0964,N#CC1(C(=O)O)CCOCC1
BB-0965,CC1(C)OC1C(=O)OCc1ccccc1
BB-0966,CC(C)NCc1nc2ccccc2c(=O)[nH]1
BB-0967,CC(O)C1CCNC(=O)C1
BB-0968,O=C(O)C1CCc2cccc(Br)c21
BB-0969,CC(C)(C)OC(=O)NC[C@@H]1C[C@H]1N
BB-0970,Cc1cc(C2NC(=O)NC2=O)ccc1Cl
BB-0971,Cc1c(CCC(=O)O)c(=O)oc2c(C)c3occ(C(C)(C)C)c3cc12
BB-0972,CC(C)(C)n1cc(C(=O)C(=O)O)cn1
BB-0973,Brc1nccn1C1CC1
BB-0974,Cn1c(Br)cnc1C(=O)[O-]
BB-0975,CC1CNc2ccccc2NC1=O
BB-0976,CC(C)(C)C1CCc2sc(-c3nnc(CCl)o3)cc2C1
BB-0977,NC(=O)C1(O)CCNC1
BB-0978,COc1ccc(C(F)F)cc1S(N)(=O)=O
BB-0979,CCC(CN)Cc1cccc(Br)c1
BB-0980,NNC(=O)c1ccccc1OCc1ccc(F)cc1
BB-0981,COC(=O)C1(C2CCOCC2)CC=NN1
BB-0982,CCc1cc(N)cc(Cl)n1
BB-0983,NC(C(=O)O)c1ccc2ccccc2c1
BB-0984,O=CC1CC1
BB-0985,CCN1CCc2c(sc3nc(S)n(Cc4ccccc4)c(=O)c23)C1
BB-0986,CC(=O)CC1(O)CCC1
BB-0987,Cc1c(Br)c(=O)n(C2CCCC2)c2nc(Cl)ncc12
BB-0988,Cc1ccsc1C(N)Cc1ccccc1
BB-0989,FC(F)(F)Oc1ccc(C2CNCCO2)cc1
BB-0990,Fc1cnc(Br)c(Cl)c1
BB-0991,Cc1c(O)ccc2c1OCCNC2
BB-0992,O=C(O)CN1CCn2cnc(-c3ccccc3)c2C1=O
BB-0993,Cc1cocc1C=O
BB-0994,CC(C)(O)c1ccccc1O
BB-0995,COC(=O)C1CC(Br)=NO1
BB-0996,NCC1(c2ccccc2)CC(O)(C(F)(F)F)C1
BB-0997,Cc1ccc(CCl)nc1
BB-0998,Cc1ccccc1C1(C)NC(=O)NC1=O
BB-0999,O=C(N[C@@H](Cc1ccc(OP(=O)(OCc2ccccc2)OCc2ccccc2)cc1)C(=O)O)OCC1c2ccccc2-c2ccccc21
BB-1000,NC(=O)c1c[nH]nc1-c1ccccc1
BB-1001,O=C(O)c1cccc(COc2ccc(Br)cc2)c1
BB-1002,CNC1CCOC(c2ccc(F)cc2)C1
BB-1003,Cc1cc(/C=C/C(=O)O)ccc1Br
BB-1004,CN1CCN(C(=O)CC#N)CC1
BB-1005,CN1C(=C(C#N)C(=O)CCl)Nc2ccccc21
BB-1006,CCCNCc1ccc(B2OC(C)(C)C(C)(C)O2)cc1
BB-1007,Cc1noc(C2CC3CCC2N3)n1
BB-1008,N#Cc1c(F)cccc1B(O)O
BB-1009,O=C(O)Cc1ccc(Cl)c([N+](=O)[O-])c1
BB-1010,Nc1c(F)cc(F)c(F)c1I
BB-1011,COC(=O)C1Cc2c(O)cccc2C1N
BB-1012,N#C[C@H]1CC[C@@H](C#N)CC1
BB-1013,O=C(O)C(O)C1CCCCCC1
BB-1014,C#CC1(C2CC2)COCCN1C(=O)OC(C)(C)C
BB-1015,CC(=O)c1ccc(O)c(C(C)=O)c1
BB-1016,CCOC(=O)c1cn[nH]c1C(C)(F)F
BB-1017,NCc1cc(F)ccc1N1CCOCC1
BB-1018,Cc1ccc(C(=O)CCCC(=O)O)cc1
BB-1019,CC(=O)c1c(C)[nH]c(-c2ccco2)nc1=O
BB-1020,COC(=O)c1c(OC)cnc2ccccc12
BB-1021,CCCCC(NC(N)=O)C(=O)O
BB-1022,Cn1c(C(=O)O)c(C=O)c2ccccc21
BB-1023,NCC(=O)c1ccc([N+](=O)[O-])cc1
BB-1024,CC(C)CN1C(=O)C(=O)c2ccccc21
BB-1025,Cc1cnn(C2CCCNC2)c1
BB-1026,CC(C)c1cc(Cl)n2ncnc2n1
BB-1027,CC(C)(C)OC(=O)N1CCN(Cc2ccc(Cl)nn2)CC1(C)C
BB-1028,COc1ccc(-n2ncc(C(N)=O)c2N)cc1
BB-1029,O=C1c2cc(Br)ccc2CC1C(F)(F)F
BB-1030,Cc1cc(N)cnc1Br
BB-1031,CC(C)(C)OC(=O)NC1CCCN(S(C)(=O)=O)C1
BB-1032,COc1c(C=O)cc(Cl)cc1C=O
BB-1033,Fc1cc(Cl)c(Br)nc1Br
BB-1034,Cc1nn(CC(C)C)c(Cl)c1C1CCCN1
BB-1035,CCOC(=O)CC1CCC2(CCNCC2)CC1
BB-1036,Cc1ccc(S(=O)(=O)Nc2ccc(N)cc2)cc1
BB-1037,CC(=O)c1oc2cc(C)ccc2c1CC(=O)O
BB-1038,COc1ccc2c(c1[N+](=O)[O-])CCCC2=O
BB-1039,CC1(C)CCC2(CC1)CC(=O)N2
BB-1040,COc1ccc(OC)c2c1CCNC2
BB-1041,CCC1CCCC(CN)CC1
BB-1042,N#Cc1c(OCCCO)n[nH]c1N
BB-1043,O=C(CN1CCNCC1)c1cccs1
BB-1044,CCOC(=O)c1cn[nH]c1CN
BB-1045,COc1cnc(Cl)nc1NNc1nc(Cl)ncc1OC
BB-1046,Cc1ccc(CC(=O)C2CC2)cc1
BB-1047,Cc1nn(-c2ccncc2)c(Cl)c1C=O
BB-1048,O=C(O)CC1CNc2ccc(Br)cc21
BB-1049,CC1(C)OB(c2ccc(Cl)c(C=O)c2)OC1(C)C
BB-1050,Fc1ccc(F)c(CCl)c1F
BB-1051,COc1c(Br)ccc2nccn12
BB-1052,NC/C=C/C(F)F
BB-1053,NC1COc2ccccc2C1
BB-1054,Cc1cnc(C2CC2)nc1Cl
BB-1055,COCC(C)(C)CC(=O)c1ccc2c(c1)OCC2(C)C
BB-1056,CCOc1sc(C)nc1I
BB-1057,Cc1c(Br)c2ccccc2n1CC(=O)O
BB-1058,COc1c(O)ccc2ccccc12
BB-1059,OCc1cnn(C(F)(F)F)c1
BB-1060,Oc1cc(Cl)ccc1Cl
BB-1061,Cc1ccoc1C(=O)OCC(=O)Nc1sccc1C(N)=O
BB-1062,Cc1ccc(N2CCC(=O)CC2=O)cc1
BB-1063,COCOc1ccc(Br)c(F)c1F
BB-1064,Cc1ccc(I)cc1
BB-1065,c1csc(CNC2CCOC2)c1
BB-1066,COc1ccc([C@H](CC(=O)O)NC(=O)OCC2c3ccccc3-c3ccccc32)cc1
BB-1067,Cc1ccc(I)cc1-n1ccnn1
BB-1068,CNC(=O)[C@@H]1CNC[C@H]1c1cnn(C)c1
BB-1069,O=C1CCCC1=Cc1cccc([N+](=O)[O-])c1
BB-1070,O=C(O)CC1C(=O)Nc2ccc(Cl)cc21
BB-1071,COCCC1(C(=O)O)CNC1
BB-1072,O=Cc1nn(C2CCCC2)cc1I
BB-1073,CCc1ccc2c(c1)C(=O)C(=O)N2C
BB-1074,Cc1nc(Br)ccc1B(O)O
BB-1075,CN1CCN(CC(=O)O)CC1
BB-1076,CCOC(=O)C12CC(CO)(C1)OC21CCNCC1
BB-1077,NCC1CN2CCCN1CC2
BB-1078,FC(F)(F)CNC1CCCOC1
BB-1079,Cc1ccc2c(c1)CC(C)NC2
BB-1080,Cn1ccc(C(=O)c2ccc(F)cc2)n1
BB-1081,Cc1nnc(S(N)(=O)=O)s1
BB-1082,O=c1[nH]ncc2cc[nH]c12
BB-1083,N[C@@H](CO)Cc1ccc([N+](=O)[O-])cc1
BB-1084,COC(=O)[C@@](C)(O)c1ccccc1
BB-1085,Sc1nnc(-c2ccsc2)o1
BB-1086,CC(=O)N1CC(CCC(=O)O)c2ccccc21
BB-1087,CCCc1ccc(C(C)NCC(N)=O)cc1
BB-1088,CC(C)(C)OC(=O)N1CCCC(O)CCC1
BB-1089,CCCCn1c(N)c(Br)c(=O)[nH]c1=O
BB-1090,CCOC(=O)C1CCN(c2ncnc3c2cnn3-c2ccccc2)CC1
BB-1091,ClCC1CN(Cc2ccccc2)CCCO1
BB-1092,Nc1ccc(O)cc1
BB-1093,CCOC(=O)c1cc(C=O)oc1C(C)C
BB-1094,NC(Cc1ccc(O)c(O)c1)C(=O)O
BB-1095,CC(C)(C)OC(=O)N1CCC(C(=O)O)(c2ccc(Br)cc2)C1
BB-1096,CCCOCCCl
BB-1097,C=CCN1C(=O)C(=O)c2cc(C)ccc21
BB-1098,CC1(C)O[C@@H]2[C@@H](CO)OC(=O)[C@@H]2O1
BB-1099,CN(C)C(=O)C1NCCc2c1cnn2C
BB-1100,NC1CCc2cc(Br)ccc2NC1=O
BB-1101,CCOC(=O)c1c(N)sc(C(C)=O)c1C
BB-1102,Cn1cnnc1CNS(=O)(=O)c1cccc(C(=O)O)c1
BB-1103,COC(=O)c1cc2c(Br)cccc2o1
BB-1104,COc1ccc(Cl)cc1NCCC(=O)O
BB-1105,O=C(NCc1cccnc1C(=O)O)OCC1c2ccccc2-c2ccccc21
BB-1106,CC(C)(C)OC(=O)N1CCC(c2ccc(Br)cc2F)CC1
BB-1107,Cc1ccc(C=O)c(F)c1
BB-1108,CC(C)(C)OC(=O)NC1(CC=O)CCCC1
BB-1109,C[C@@H](O)C#Cc1ccncc1
BB-1110,CC(CN)c1nc2ccccc2n1C(F)F
BB-1111,COC(=O)C(N)c1cc(Cl)cc(Br)c1
BB-1112,CCCCCN1C(=O)C(=O)c2ccccc21
BB-1113,O=C1CCC(OC2CCCCC2)CC1
BB-1114,O=C(O)C(CC(F)(F)F)c1cccc(Cl)c1
BB-1115,COC(=O)C#Cc1ccccc1Cl
BB-1116,Cc1nn(C)c(N2CCNCC2)c1C#N
BB-1117,O=C(CCl)c1ccc(Br)cc1
BB-1118,Cc1nc(N)ccc1-c1cnn(C)c1
BB-1119,Cc1nnc2cc(C(=O)O)ccn12
BB-1120,O=Cc1cn(CC(=O)O)c2ccccc12
BB-1121,NCC#Cc1cc(Cl)cnc1F
BB-1122,Cc1cc(Br)cc(C)c1CC(=O)O
BB-1123,COCC1(C(=O)O)C(C)(C)C1(C)C
BB-1124,CCC[C@H](NC(=O)OCC1c2ccccc2-c2ccccc21)C(=O)O
BB-1125,COC(=O)c1ccccc1CBr
BB-1126,CC(C)(C)C1CC(O)C1
BB-1127,Oc1ccc2ncnn2c1I
BB-1128,Oc1ccc(C2CCNC2)cc1Cl
BB-1129,COC(=O)C(O)CF
BB-1130,Cc1cc(C)n2nc(C(=O)O)nc2n1
BB-1131,CCOC(=O)c1cc(Br)cc(CC)c1N
BB-1132,NC1(c2nccs2)CCCC1
BB-1133,O[C@H]1CCN(CC(F)F)C1
BB-1134,CCCCCCCCCC(C)CC=O
BB-1135,Cc1c(Br)ccc(NN)c1C
BB-1136,CC(C)(C)OC(=O)NC1CCCC2CN(Cc3ccccc3)CC21
BB-1137,CC1=NOC(CCl)C1
BB-1138,Nc1c2c(nn1-c1cccc(Cl)c1)CCC2
BB-1139,[N-]=[N+]=NCC1CCCN1
BB-1140,CCn1cc(N2CCC(=O)CC2=O)cn1
BB-1141,N#Cc1ccc(F)c(CN=[N+]=[N-])c1
BB-1142,O=C(O)[C@]1(c2ccccc2)C[C@H](O)C1
BB-1143,Cc1cccc(C2CC2C(=O)O)n1
BB-1144,CC(C)(C)OC(=O)N[C@H]1C[C@H]2C[C@@H](N)C[C@H]2C1
BB-1145,CC(C)(C)OC(=O)N1CC(C2CCCC(=O)C2)C1
BB-1146,CC(C)(C)OC(=O)NCCCN1CCN(CCC(=O)O)CC1
BB-1147,COCC(=O)c1ccc2cc(OC)ccc2n1
BB-1148,CCCC(N)C(=O)N(CC)C1CCCC1
BB-1149,Cc1noc(C(N)C2CCOCC2)n1
BB-1150,CCOC(=O)c1n[nH]c(Br)c1C
BB-1151,COc1cccc(C(N)CC(=O)O)c1
BB-1152,O=C(O)C1CCCCO1
BB-1153,Cc1cc(N(C)C)ccc1O
BB-1154,O=Cc1cc2[nH]c(C(=O)O)cc2s1
BB-1155,CC(C)OC(=O)c1ccc(S(=O)(=O)Cl)cc1
BB-1156,COC(=O)c1cc(C)nc2[nH]cnc12
BB-1157,CC[C@H](O)C(=O)O
BB-1158,C[C@@H]1CNc2cc(Br)ccc2N1C
BB-1159,O=C(O)Cc1ccc(Cl)c(O)c1
BB-1160,O=C(Nc1ccc(O)cc1)c1ccccc1Cl
BB-1161,O=C(O)c1ccc(Cl)c(N2CCCC2=O)c1
BB-1162,CCOC(=O)/C=C/CNC
BB-1163,CC1(C)CC(=O)CC(C)(C)C1
BB-1164,COC(=O)c1cc(C)cc(Br)c1
BB-1165,CC1(C)CC(O)c2cccc(Br)c2O1
BB-1166,c1cc2c(cc1C1CCCN1)OCCCO2
BB-1167,CCCC1CC(=O)CCO1
BB-1168,CC(C)(CN)CC1CCN(C(=O)OC(C)(C)C)CC1
BB-1169,BrC1CCCCc2ccccc21
BB-1170,CSc1ncc(CO)n1C
BB-1171,COc1cc(Br)c(C(=O)O)cc1S(=O)(=O)Cl
BB-1172,O=C(N[C@H]1C=C[C@@H](C(=O)O)C1)OCC1c2ccccc2-c2ccccc21
BB-1173,O=S1(=O)NCCCC1(Cl)Cl
BB-1174,O=C(CCCl)Nc1cccc(C(F)(F)F)c1
BB-1175,Clc1ccc(C2CNCCO2)nc1
BB-1176,CC1(C)CC(=O)C=C(NCc2ccccc2)C1
BB-1177,CN(C)c1nc(Cl)c(C=O)s1
BB-1178,Clc1ccccc1C1CNCCN1
BB-1179,Nc1cc(F)c2c(c1)CCC(=O)N2
BB-1180,CC(=O)c1cc(CBr)ccc1[N+](=O)[O-]
BB-1181,Cn1cc([N+](=O)[O-])c(Cl)cc1=O
BB-1182,COc1cc(F)cc(CC(C)N)c1
BB-1183,COc1cccc(S(C)(=O)=O)c1NN
BB-1184,CC(NN)c1ccc(C(=O)O)cc1
BB-1185,COc1c(F)cc(F)cc1CCl
BB-1186,CC1(c2ccc(F)cc2)CC1C(=O)O
BB-1187,FC1(F)CCCNC12CCOCC2
BB-1188,NC(Cn1cnc2ccccc21)C(=O)O
BB-1189,COC(=O)c1cnn(C)c1CCCl
BB-1190,O=C(O)c1ccc(COc2ccc(F)cc2Cl)s1
BB-1191,CN(CCCBr)c1ccccc1
BB-1192,CS(=O)(=O)c1ccc(-n2nnnc2CCl)cc1
BB-1193,CCOc1ccc(Cl)cc1CCN
BB-1194,O=S(=O)(Cl)c1ccc(OC(F)F)cc1F
BB-1195,Sc1ncnc2c1cnn2-c1ccc(Br)cc1
BB-1196,CC1(C)OC(C)(C)c2cc(B(O)O)ccc21
BB-1197,CC(C)(N)c1cn(CC2CC2)nn1
BB-1198,COC(=O)[C@@H]1C[C@H]1c1ccccc1N
BB-1199,Cc1c[n+]([O-])ccc1Cl
BB-1200,Cc1ccc2c(c1)C(=O)C(=O)N2
BB-1201,Cc1c(Cl)c(O)cc(O)c1C=O
BB-1202,CCC1(C(=O)O)COC1
BB-1203,O=C(O)c1ccc(-c2coc(=O)[nH]2)cc1
BB-1204,O=Cc1ccc(I)cc1
BB-1205,Nc1nccn1-c1ccccc1
BB-1206,O=C(O)/C=C/c1cccc(OCc2ccccc2)c1
BB-1207,CS(=O)(=O)Nc1ccc(I)cc1
BB-1208,Cc1ncc(N)n1CC(F)(F)F
BB-1209,Cc1ccc(-c2ncn(C)n2)cc1Br
BB-1210,O=S(=O)(Nc1ccc(F)c(Cl)c1)c1cc(Cl)c(Cl)cc1Cl
BB-1211,COc1cc(C)c(Cl)cc1N
BB-1212,CC(C)(C)OC(=O)NCC(=O)NC1CCNCC1
BB-1213,Cc1cc(C)c2c(c1)NC(=O)C2=O
BB-1214,Cn1cc(I)c(=O)c2ccc(F)cc21
BB-1215,C#CC1(C(=O)OCC)CCC1
BB-1216,O=C(N[C@@H](CCC(F)F)C(=O)O)OCC1c2ccccc2-c2ccccc21
BB-1217,Cc1cc(O)cc2c1C(=O)CO2
BB-1218,CC(=O)NCCSc1ccc(O)cc1
BB-1219,COC(=O)c1cccc(Cl)c1OC
BB-1220,C[C@@]1(C(=O)O)C[C@H]2CC[C@@H]1C[C@H]2N
BB-1221,COc1ccc(C(=O)CCC(=O)O)c(Cl)c1
BB-1222,COC(=O)C1CCC2(CC(N=[N+]=[N-])C2)C1
BB-1223,Nc1c2c(nc3ccccc13)CCOC2
BB-1224,O=Cc1ccc2c(c1O)OCO2
BB-1225,O=[N+]([O-])c1cccc(C2CNCCO2)c1
BB-1226,Oc1ccc(N2CCNCC2)cc1Cl
BB-1227,Fc1cnccc1Cl
BB-1228,CN1CC(S)CC1=O
BB-1229,CCCn1c(CCC(=O)O)nc2cc(S(=O)(=O)N3CCOCC3)ccc21
BB-1230,C[C@@H]1C[C@H](C(=O)O)C[C@H](C)N1
BB-1231,O=Cc1ccc(I)o1
BB-1232,Brc1cccc2cnn(C3CCCCO3)c12
BB-1233,Cc1cc(NS(=O)(=O)c2ccc(N)cc2)n(-c2ccccc2)n1
BB-1234,c1ccc(CNCc2cncnc2)cc1
BB-1235,Cc1ccccc1COc1cccc(CC(=O)O)c1
BB-1236,COC(=O)c1c(I)[nH]c2ccc(Br)cc12
BB-1237,NS(=O)(=O)c1cccc([N+](=O)[O-])c1O
BB-1238,COC(=O)C1CNc2ccc(Br)cc21
BB-1239,Cc1cc(=O)n2nc(C(F)(F)F)[nH]c2c1
BB-1240,NCc1c(F)ccc2[nH]cnc12
BB-1241,CCCCC(=O)c1ccc(C)cc1O
BB-1242,Cc1cc2c(c(C)c1Cl)C(=O)CCO2
BB-1243,O=C(O)C1Cc2c([nH]c3ccc(O)cc23)CN1
BB-1244,CC(C)Oc1ccc(CO)cc1Cl
BB-1245,Cc1ccc2[nH]c(=O)ccc2c1Br
BB-1246,C=CS(=O)(=O)OC(C)C
BB-1247,NC12CCC(F)(CC1)C2
BB-1248,CCCC(CN)C(=O)OCC
BB-1249,O=C(O)CNC(=O)c1cccc(OC(F)F)c1
BB-1250,CN(C)c1nc(Cl)c(C=O)n1C
BB-1251,O=C(O)c1ccn(-c2cccc(Cl)c2)n1
BB-1252,CNC1(c2ccc(C(=O)OC)o2)CC1
BB-1253,Nc1cc(Cl)ccc1C(=O)C1CCCOC1
BB-1254,O=C(CCOc1ccccc1)C1CC1
BB-1255,O=C(O)c1ccc(Sc2ccc(F)cc2)c([N+](=O)[O-])c1
BB-1256,Brc1cnc2ccccc2n1
BB-1257,C=CC1COC(=O)C1
BB-1258,Nc1ccc(I)c(N)n1
BB-1259,Cc1nc2ccccc2nc1Br
BB-1260,O[C@H]1C[C@](O)(C(F)(F)F)C1
BB-1261,Fc1c(Cl)cccc1C1=CCNCC1
BB-1262,Cc1c(Br)ccnc1NN
BB-1263,FC(F)(F)C1OC2CC1(CBr)C2
BB-1264,Cc1ccccc1-n1nc(C)c(C(=O)O)c1C
BB-1265,Cc1nc(C(O)CN)cs1
BB-1266,Cc1cc2c(cc1Br)OCCC2=O
BB-1267,O=C(O)C1(c2cc(C(F)(F)F)ccc2Cl)CC1
BB-1268,Cc1ccc(F)c(C(=O)C2CCCCCCC2)c1
BB-1269,Cc1cc2[nH]cnc2cc1CO
BB-1270,NNc1cc(F)c(Cl)cc1Cl
BB-1271,NNC(=O)c1ccn(COc2ccc(Br)cc2)n1
BB-1272,CC(CO)CF
BB-1273,NC(CC1CCOCC1)C(=O)O
BB-1274,Cc1nc2c(n1C)CNCC2
BB-1275,CCOc1ccc(S(=O)(=O)Cl)cc1F
BB-1276,O=C(O)C1CN(C(=O)OCC2c3ccccc3-c3ccccc32)CC2(CCC2)O1
BB-1277,Cc1nc2c(CN)c(F)ccc2[nH]1
BB-1278,O=C(O)c1ccc2cnccc2n1
BB-1279,CCc1ncc(CNC)s1
BB-1280,NCc1ccc(-c2cccc(C(=O)O)c2)cc1
BB-1281,O=Cc1cc(C(=O)O)c2n1CCCC2
BB-1282,COCC(=O)Nc1cccc(CN)c1
BB-1283,COc1c(C)nc(O)nc1O
BB-1284,NCCc1nccn1C(F)F
BB-1285,O=C(c1cncc(F)c1)C1CC1
BB-1286,Cc1cc(C(=O)O)c(Br)nc1C
BB-1287,O=C(O)c1n[nH]c2cc(Br)ccc12
BB-1288,CC(C)(c1nnc2n1CCCCC2)n1cc(N)cn1
BB-1289,COC(=O)c1c(C=O)ccc(OC)c1O
BB-1290,N#Cc1cccc2c1CC[C@H]2N
BB-1291,NNC(=O)c1c(F)cccc1Cl
BB-1292,O=C(NCC(Cc1cccc2ccccc12)C(=O)O)OCC1c2ccccc2-c2ccccc21
BB-1293,OCC1=NOC2(CCNCC2)C1
BB-1294,N#CC(c1ccc(F)cc1)N1CCN(C(=O)CCl)CC1
BB-1295,CCOC1CC(C=O)C1
BB-1296,c1ccc(-c2cn3c(n2)NCCC3)cc1
BB-1297,Brc1nc[nH]c1Br
BB-1298,Cn1nnc(CS)n1
BB-1299,C=C(Cl)CSc1nc(C)c(CC(=O)O)s1
BB-1300,CCOC(=O)CC(N)CC1CCCC1
BB-1301,BrCCCc1cccnc1
BB-1302,Fc1ccc(F)c(CC2CCCN2)c1
BB-1303,C/C=C(\Br)CN
BB-1304,NC(Cc1nccn1C(F)F)c1ccccc1
BB-1305,O=C(NCC1CCCNC1)c1ccco1
BB-1306,NCc1ccc2ccccc2c1F
BB-1307,COc1cccc2c(CCC(=O)O)c(-c3ccccc3)[nH]c12
BB-1308,N[C@H]1CCCC[C@H]1c1ccccc1
BB-1309,CCc1nnc2ccc(N)cn12
BB-1310,Cc1cc(C(=O)CCl)c(C)[nH]1
BB-1311,COc1ccc(N)cc1S(=O)(=O)Nc1ccc(Cl)cc1
BB-1312,COC(=O)[C@H]1C(F)(F)[C@]12C[C@H](C(=O)O)C2
BB-1313,c1ccc(-n2cc3c(n2)CCNC3)cc1
BB-1314,Fc1ccc(Br)c(CS)c1
BB-1315,Cn1nc2c(c1C(=O)O)CNC2
BB-1316,CC(C)(C)OC(=O)NC1(C(=O)O)COC(C)(C)C1
BB-1317,Cc1ccc2c(c1)[C@@H](N)[C@@H](C(=O)O)C2
BB-1318,OC1CCOc2c(F)cc(F)cc21
BB-1319,CNc1cnc2ccccc2c1
BB-1320,Cc1cc(C=O)c(C)n1CC(C)C
BB-1321,CCNCc1cccc(-c2ccncc2)c1
BB-1322,O=S(=O)(c1ccccc1C(F)(F)F)N1CCNCC1
BB-1323,CCS(=O)(=O)NC1CCCNC1
BB-1324,CC1CCC=C1C(=O)O
BB-1325,NC(CCOc1ccccc1)c1ccc(F)cc1F
BB-1326,COc1cccc(C(=O)c2ccc(C(=O)O)cc2)c1
BB-1327,COc1ccc(OC)c2nc(Cl)ccc12
BB-1328,COc1ccc(/C=C/C(C)=O)cc1O
BB-1329,O=C(O)C1CC1(F)Br
BB-1330,CC(=O)c1nc2c(s1)CCC2
BB-1331,CC1CC(=O)c2cc(N)cnc2C1
BB-1332,NCc1cc(Br)cc(OC(F)(F)F)c1
BB-1333,NC(=O)c1ccc(NC2CC2)c(N)c1
BB-1334,Cc1nc2cc(Br)c(Cl)cc2[nH]1
BB-1335,CNC1COC(C)(C)C1
BB-1336,O=C1CCCC1C1CCCN1
BB-1337,N#Cc1cc(F)cc(Br)c1CC(=O)O
BB-1338,Nc1ccc2ccnn2c1
BB-1339,Cc1c(Br)c(=O)c(C(=O)O)cn1C1CC1
BB-1340,COc1ccc2c(c1)C(C)(C)CC2=O
BB-1341,CN1CCN(CC(N)=O)CC1
BB-1342,O=C(O)C1CC2CCC1CN(C(=O)OCC1c3ccccc3-c3ccccc31)C2
BB-1343,CCOC1CCC(C(=O)O)CC1
BB-1344,Cc1cccc(CCC(=O)O)c1F
BB-1345,CCOC(=O)C(=O)c1sc(C)cc1Br
BB-1346,O=[N+]([O-])/C=C1/CCCN1
BB-1347,CCc1nc(C(C)C)ccc1C(=O)O
BB-1348,Cc1nn(CCO)c(C)c1C(=O)O
BB-1349,NC(C(=O)O)c1cc(F)ccc1F
BB-1350,NC(c1cc(Cl)cc(Cl)c1)C(F)(F)C(=O)O
BB-1351,COC(=O)C1CNCc2[nH]ncc21
BB-1352,Cc1noc(CC2(O)CCCNC2)n1
BB-1353,O=C(O)C1CCOc2ccc(Br)cc21
BB-1354,CCc1cc(Br)cc2c1NC(=O)C2
BB-1355,NC1CCC(CCCC(=O)O)C1
BB-1356,CN1CCC(Oc2ncccc2Br)C1
BB-1357,COc1ccc(N=[N+]=[N-])c(F)c1
BB-1358,COC(=O)C1CCNC(C(C)C)C1
BB-1359,CCc1cnc(C(=O)[O-])o1
BB-1360,CC(=CC(=O)O)C1CCCCC1
BB-1361,COC(=O)c1c(C(C)(C)C)nsc1N
BB-1362,CC(=O)c1c(Cl)cccc1Cl
BB-1363,CCn1c2ccccc2c2cc(-n3c(S)nc4ccccc4c3=O)ccc21
BB-1364,COc1ccc(C(N)C(F)(F)F)cc1Br
BB-1365,CC(C)(C)OC(=O)N1CCN(CC(F)(F)C(=O)[O-])CC1
BB-1366,Cc1cccc(C=O)c1C(F)(F)F
BB-1367,COc1ccc(-c2cc(N)[nH]n2)cc1C
BB-1368,c1cc2c(cn1)NCCN2
BB-1369,COC(=O)C(N)c1cc(C)cc(Br)c1
BB-1370,CCC(C)(C)OCC(=O)O
BB-1371,O=S(=O)(F)c1sc2ccccc2c1Br
BB-1372,CCOC(=O)C1CC(=O)c2cccc(C)c2C1
BB-1373,O=C(c1ccccc1)N1CCC(CBr)C1
BB-1374,CC1CNCCC(c2ccccc2)O1
BB-1375,COCc1nc(CO)c[nH]1
BB-1376,COC(=O)c1ccc(C(C)(C)N)cc1
BB-1377,NCCCN1C(=O)NC(c2ccccc2)(c2ccccc2)C1=O
BB-1378,C[C@@]12CNCCCCCO[C@@H]1C2
BB-1379,[N-]=[N+]=Nc1cccnc1Br
BB-1380,CCOC(=O)c1c(/C=C/C(=O)O)c(C)n(CC)c1C
BB-1381,O=[N+]([O-])c1ccn(CC2CCNCC2)n1
BB-1382,CNCC(=O)Nc1c(C)cc(C)cc1C
BB-1383,Nc1ccc(C(=O)O)cc1S(N)(=O)=O
BB-1384,c1csc(C2CCNCC2)c1
BB-1385,CC(NCc1ccccc1O)C1CC1
BB-1386,CN(C)/C=C1\OCCN(C(=O)OC(C)(C)C)CC1=O
BB-1387,COC(=O)[C@@H]1CNC[C@H]1c1cc(F)cc(F)c1
BB-1388,O=C(O)c1cccc(COc2cc(Cl)ccc2Cl)c1
BB-1389,CCCc1cc(Cl)nc(Cl)n1
BB-1390,C=CCCOCc1c(Br)cncc1Br
BB-1391,CC(C)(C)OC(=O)n1cnc(N)n1
BB-1392,CC12CC(N)(C1)C(CO)O2
BB-1393,Cc1nc2cc(Br)ccc2c(C)c1C(=O)O
BB-1394,Cc1cc(Cl)ccc1C(C)Br
BB-1395,Cc1nsc(N2CCNCC2)c1C#N
BB-1396,C=C(C)c1ncc(C(=O)O)o1
BB-1397,Cn1c(C(=O)O)c(Cl)c2ccc(Cl)cc21
BB-1398,CC(=O)c1c[nH]c2ccc([N+](=O)[O-])cc12
BB-1399,CNc1cc(C(F)F)no1
BB-1400,O=Cc1c(C(=O)O)cc2n1CCCC2
BB-1401,OC1(c2ccccc2)CCCNC1
BB-1402,CC(=O)Nc1ccc(-c2cc(=O)c3ccc(O)cc3o2)cc1
BB-1403,CCCCCC(N)C(=O)OC
BB-1404,c1nc2c(n1C1CCC1)CCNC2
BB-1405,COC(=O)c1cc(Br)cc(S(N)(=O)=O)c1F
BB-1406,CC(C)(C)OC(=O)N1CCCC2(CC(Br)=NO2)C1
BB-1407,O=C(O)Cc1nnn[nH]1
BB-1408,CC(=O)C1=Cc2ccccc2OC1
BB-1409,C=C(CC)C(C)CO
BB-1410,O=C(O)c1cc2sccn2n1
BB-1411,COCOc1ccc(C(C)=O)c(O)c1C
BB-1412,C#CCCN(C)c1ccc2c(c1)C(=O)N(C1CCC(=O)NC1=O)C2=O
BB-1413,C1CN[C@@H](CN2CCC2)C1
BB-1414,CCC1Oc2c(F)cc(Br)cc2C1=O
BB-1415,CCOC(C=O)C1CCCC1
BB-1416,CCOC(=O)c1nnc2n1CCNC2
BB-1417,FC(F)(F)c1ncc2c(Cl)nccn12
BB-1418,CNC(=O)c1ccc(Cl)s1
BB-1419,COC(=O)c1cc(Br)c(N)c(C)n1
BB-1420,O=Cc1cccc(OCC2CCCCC2)c1
BB-1421,Cn1ncc2c1CCCC2CO
BB-1422,O=c1[nH]c(Cc2ccncc2)no1
BB-1423,NC(C(=O)O)c1ccc(C(F)(F)F)cc1
BB-1424,c1csc(C2CCCCN2)n1
BB-1425,NC(=O)N[C@H]1CCNC1
BB-1426,NNCc1ccc(Cl)cc1Cl
BB-1427,CCOC(=O)C(C)(F)C1CCCC1
BB-1428,CC(C)N1CCNS1(=O)=O
BB-1429,NCC12CC[C@@H](Br)[C@@H](C1)OC2
BB-1430,CCc1cc(=O)n2nc(N)[nH]c2n1
BB-1431,O=c1[nH]c2ccccc2cc1B(O)O
BB-1432,Cc1c(O)ccc2c3c(c(=O)oc12)CCC(C)C3
BB-1433,CC1CCC2(CN1)OCc1ccccc12
BB-1434,COC(=O)C1COc2c(F)cc(Br)cc21
BB-1435,N#CC1CCCC(CC(=O)O)C1
BB-1436,O=C1NC(=O)C2(CC(CF)C2)N1
BB-1437,Fc1cc2nc(Cl)ccc2cc1Br
BB-1438,NC(=O)c1ccc(/C=C/C(=O)O)o1
BB-1439,Cc1nc2ccc(O)cn2c1C(=O)O
BB-1440,Cn1cc(C(F)(F)F)nc1C1CCCNC1
BB-1441,CC(O)C1CCCCN1C(=O)OC(C)(C)C
BB-1442,C#CC1(OC)CCCCC1
BB-1443,CC(C)(C)CN=[N+]=[N-]
BB-1444,CC(C)(C)OC(=O)N1CC2(CC2)c2cc(CO)ccc21
BB-1445,COc1ccc(-c2[nH]ncc2C=O)cc1
BB-1446,Ic1nnco1
BB-1447,COC(=O)C1(N)CC(c2ccccc2Cl)C1
BB-1448,COC(=O)C1(N)CCCN(Cc2ccccc2)C1
BB-1449,O=C(Cl)C(Br)C1CCCC1
BB-1450,Cn1cc(-c2ncc(C=O)cn2)cn1
BB-1451,CSc1ncnn2c(Br)cnc12
BB-1452,CN1Cc2cc(B(O)O)ccc2C1=O
BB-1453,CC(=O)Cn1c(Br)nc2c1c(=O)[nH]c(=O)n2C
BB-1454,CC(=O)N[C@H](C(=O)O)C1CCCCC1
BB-1455,Cc1ccc(C2NCCNC2=O)cc1
BB-1456,CC(C)(C)OC(=O)Nc1ccc(B(O)O)cc1
BB-1457,CCOC(=O)C1CC2(c3ccc(C)cc3)CC1C2
BB-1458,FC(F)=CCCBr
BB-1459,CC(C)c1nnc(CN)s1
BB-1460,Cc1ccc(F)c(-c2noc(N)c2C)c1
BB-1461,CC1(C#N)Cc2cccc(Br)c21
BB-1462,CN1CC(=O)Nc2cc(S(=O)(=O)N(C)C)ccc21
BB-1463,NS(=O)(=O)C1CC1
BB-1464,Cc1cccc(CCN=[N+]=[N-])n1
BB-1465,O=C(O)c1csc(Cc2cccc(C(F)(F)F)c2)n1
BB-1466,O=C1CCC(O)(c2cccc(Cl)c2)CC1
BB-1467,S=c1[nH]cc(-c2cccc(Br)c2)o1
BB-1468,COCCn1cnc2c1c(=O)[nH]c(=O)n2Cc1ccccc1
BB-1469,CC(=O)Cn1c(=O)oc(=O)c2ccccc21
BB-1470,O=C(O)/C=C/c1ccc(Cl)c(C(F)(F)F)c1
BB-1471,C1CC2CCC1CN2
BB-1472,CO[C@H]1CN[C@H](c2nc(C)n[nH]2)C1
BB-1473,Cc1cc(F)c(C=O)cc1[N+](=O)[O-]
BB-1474,COC(=O)c1c(Cl)nc(C2CC2)nc1Cl
BB-1475,Cc1[nH]c2cccnc2c1C=O
BB-1476,Ic1n[nH]c2cnccc12
BB-1477,CCN(C1CC1)S(N)(=O)=O
BB-1478,CC(C)(C)OC(=O)NCCCCCN=C=S
BB-1479,N#Cc1ccc(NS(N)(=O)=O)cc1
BB-1480,Cn1cc2cc(Br)cc(F)c2n1
BB-1481,CC(=O)c1oc2ccccc2c1C
BB-1482,CC(=O)c1c(O)ccc2ccccc12
BB-1483,CN1CCCC(C(N)=NO)C1
BB-1484,C#Cc1ncoc1C1CC1
BB-1485,CCC(C)(C)c1ccc(OCCCC(=O)NN)c(C(C)(C)CC)c1
BB-1486,Brc1ccc(C2N=N2)cc1
BB-1487,CC(C)NC(=O)NCCN1CCNCC1
BB-1488,C=CC(=O)N1CCCC(n2cc(C(=O)O)nn2)C1
BB-1489,CC1(C)COC(CC(=O)O)C1
BB-1490,CC(C)NCc1ccc(Cl)cc1
BB-1491,NC1CCc2cc(F)cc(F)c21
BB-1492,CC(C)N(CC(O)c1ccc(NS(C)(=O)=O)cc1)N=O
BB-1493,Cc1nc2cccc(Cl)c2c(=O)[nH]1
BB-1494,NCC(CO)Cc1ccc(F)c(Br)c1
BB-1495,COC(=O)CCCCC(=O)C(F)(F)F
BB-1496,CCOC(=O)c1c(N)c(Cl)cn1C
BB-1497,Cc1nc2ccc(Br)cc2c(C)c1C(=O)O
BB-1498,COc1cc2ccnc(Cl)c2cc1Br
BB-1499,CO[C@H]1CNC[C@@H](O)C1
BB-1500,Cc1c(C(=O)O)cc(C(F)(F)F)cc1[N+](=O)[O-]
BB-1501,NC(c1ccccc1)c1ccoc1
BB-1502,O=C(O)Cc1cc(F)c(F)cc1Cl
BB-1503,CCNS(=O)(=O)c1ccc(I)cc1
BB-1504,CC(C)(C)c1ccc2c(c1)C(=O)CCO2
BB-1505,O=C(O)C1CCCc2cc(O)ccc21
BB-1506,NC(=O)c1sc2nc(C(F)(F)F)cc(-c3ccco3)c2c1N
BB-1507,CC(Cl)C(=O)N(C)C1(C#N)CCCCC1
BB-1508,C[C@H](O)CBr
BB-1509,COCCn1c(N)c(C(=O)CCl)c(=O)[nH]c1=O
BB-1510,O=C(O)[C@@H]1CCCN1C1=NS(=O)(=O)c2ccccc21
BB-1511,COC(=O)C(N)C1CCOC1
BB-1512,S=C=Nc1ccc(Cl)cc1Cl
BB-1513,ONCc1ccccc1
BB-1514,CC(=O)c1c(C)noc1C
BB-1515,N#CC1(CO)COC1
BB-1516,CCOC1(CO)CCC1
BB-1517,Cc1cccc(CC(N)CO)c1
BB-1518,CNC1CCN(C(C)C)CC1
BB-1519,NC(=O)c1cc2c(oc1=O)CCCC2=O
BB-1520,COC1(C(=O)O)CC(CF)C1
BB-1521,c1ccc([C@H]2COCCN2)cc1
BB-1522,O=C(O)c1ccn(C2CCCNC2)n1
BB-1523,Cc1ccc(C)c([N+](=O)[O-])c1C=O
BB-1524,CNC(=O)COC1CCCOc2cc(Br)ccc21
BB-1525,Clc1nc(-c2cccs2)nc2ccccc12
BB-1526,O=C1CC(C(F)(F)F)=NN1
BB-1527,Nc1ccc(OCc2nnn[nH]2)cc1
BB-1528,c1ccc2oc(C3CCNCC3)nc2c1
BB-1529,O=C(O)c1cc(-c2ccccc2)nc2cc(F)ccc12
BB-1530,C=Cc1ncc(C(F)(F)F)cc1Cl
BB-1531,O=C1CCc2ccc(Cl)c(Cl)c2N1
BB-1532,Cc1ccnc(-n2ncc(CN=[N+]=[N-])c2C)c1
BB-1533,Cn1c(N)c(C(=O)CCl)c(=O)n(C)c1=O
BB-1534,COCCN1C(=O)N[C@H]2CNCC[C@H]21
BB-1535,CC(C)CCC1(O)CC1
BB-1536,CC(C)CC1(C)CCCN1
BB-1537,ClCc1coc(-c2cc(Cl)cc(Cl)c2)n1
BB-1538,COC(=O)c1c(C)n(C2CC2)c2ccc(O)cc12
BB-1539,O=C(O)C12C(=O)C3CC1C2C3
BB-1540,SCc1cccc(Cl)c1Cl
BB-1541,O=C1NS(=O)c2cc(Br)ccc21
BB-1542,C=Cc1ncccc1C(=O)[O-]
BB-1543,N#CCc1nc2cc(Cl)ccc2s1
BB-1544,CC(C)(C)OC(=O)N1CCCN(CCCN)CC1
BB-1545,COC(CCC(F)(F)F)C(=O)O
BB-1546,CC(C)(C)OC(=O)N1CCn2ncc(I)c21
BB-1547,COC(=O)c1ccc2cc(S)ccc2c1
BB-1548,Cc1ccc(C=C2NC(=O)NC2=O)cc1
BB-1549,Cc1ccc(C(=O)CN)cc1Br
BB-1550,C#CC1CC(NC(=O)OC(C)(C)C)(C(=O)O)C1
BB-1551,Sc1nnc(-c2ccccn2)n1-c1ccc(Cl)cc1
BB-1552,COC(=O)c1cc(Br)c(F)cc1F
BB-1553,CC1(C)OB(c2cc(C(F)F)c(F)cc2F)OC1(C)C
BB-1554,COC(=O)CCBr
BB-1555,CCOC(=O)C1(C)C=CC(=O)CC1
BB-1556,N[C@H](CO)C1CCCCC1
BB-1557,N[C@H]1CCCN(Cc2ccccc2)C1
BB-1558,NS(=O)(=O)c1ccccc1NC(=O)C1CC1
BB-1559,O=C(O)c1ccc(CS(=O)(=O)c2c(Cl)cccc2Cl)o1
BB-1560,O=c1oc2ccccc2n1CCO
BB-1561,C#Cc1ccccc1NC(C)=O
BB-1562,Cc1cc(O)c(C(=O)CCC(=O)O)cc1Br
BB-1563,CCOC(=O)c1oc2ccc(CC)cc2c1C
BB-1564,C#Cc1cc(CO)ccn1
BB-1565,CC(F)(F)c1ccc(Cl)nc1
BB-1566,Brc1cccc(NC2CCCNC2)c1
BB-1567,COC(=O)c1cc(N)n(C(C)C)n1
BB-1568,CS(=O)(=O)c1ccccc1NN
BB-1569,CC(C)(O)c1cnc(Cl)cn1
BB-1570,O=C1CC(c2cccc(Br)c2)C1
BB-1571,O=C(c1ccccc1)c1nccs1
BB-1572,Cc1oc(-c2cccc(Br)c2)nc1CCl
BB-1573,Cn1nccc1C(O)C1CCNCC1
BB-1574,Nc1ccc(Br)cc1C(F)(F)F
BB-1575,N#CCN(Cc1ccccc1)N=O
BB-1576,O=C(O)c1cnc2c(c1)CCNC2
BB-1577,NNC(=O)COc1cc(Cl)ccc1Cl
BB-1578,Cc1nnc2n1CC(C(=O)O)N(CC1CC1)C2
BB-1579,Cc1cc(C(=O)O)c2cc(Cl)ccc2n1
BB-1580,O=C(NCCO)c1ccccc1C(F)(F)F
BB-1581,NC(=S)c1ccc(-c2ccccc2)cc1
BB-1582,CNC1CCOc2ccc(Br)cc21
BB-1583,C#Cc1cccc(CC(NC(=O)CCl)C(N)=O)c1
BB-1584,COc1cc(C(O)S(=O)(=O)[O-])sn1
BB-1585,NCc1ccc(-c2ccc(C(F)(F)F)cc2)cc1
BB-1586,CCC(N)C(C)(C)O
BB-1587,CC1(C)CC(N)c2cccc(Br)c2O1
BB-1588,CNC(CC(=O)O)C(F)(F)F
BB-1589,CCCNc1ccc(C)c(Cl)c1
BB-1590,O=C(O)C1(c2cc(F)cc(C(F)(F)F)c2)CCCC1
BB-1591,Nc1ccc(F)c(I)c1F
BB-1592,C#CCCCC(N)c1ccc(Br)cc1
BB-1593,Cc1ccc(C2(N)CCCCC2)c(Br)c1
BB-1594,Cc1cc(C)c(N)c(Cl)c1
BB-1595,O=C(O)c1cccc2c1OCCN2
BB-1596,CC(C)(C)OC(=O)N1CCOC(CCC(=O)O)C1
BB-1597,CN(C)CC(N)c1ccc(Cl)cc1
BB-1598,O=Cc1cccc(C2OCCO2)c1
BB-1599,O=C(O)C1=CC2CCCC12
BB-1600,C#CCNc1ccc(C(=O)O)cc1
BB-1601,NC(=NO)C1CCC(=O)N(CC2CCOCC2)C1
BB-1602,CCc1c(C(C)=O)oc2ccc(C)cc12
BB-1603,CCOc1ccc(NC(=O)C(=NNc2ccc(S(=O)(=O)Nc3nnc(C)s3)cc2)C(C)=O)cc1
BB-1604,CC(C)(N)c1ccc2c(c1)OCO2
BB-1605,N#CCSCC(=O)O
BB-1606,Cn1cc(NCC2CCC2)cn1
BB-1607,O=C(NC1CC1)C1CCCNC1
BB-1608,Nc1ccc(-c2ccco2)cc1F
BB-1609,CCC(Br)c1ccc(Br)cc1
BB-1610,CCOC(=O)c1cc(CC)nc2c1c(C)nn2-c1ccccc1
BB-1611,Cc1ccc(-n2cnnc2)c(C(=O)[O-])c1
BB-1612,Cc1cc(C=O)cc(C)c1OCC(=O)O
BB-1613,N#Cc1c(F)c(F)c(N)c(F)c1F
BB-1614,Cc1cc(Br)cc([N+](=O)[O-])c1C#N
BB-1615,Cc1cnc(C(=O)O)cc1Cl
BB-1616,Nc1ccc2c(c1)N(Cc1ccc(F)cc1)CC2
BB-1617,CC(C)(C)OC(=O)CC(N)c1ccccc1
BB-1618,Nc1csc2c(=O)[nH]cnc12
BB-1619,Cc1noc2nc(C3CC3)c(Cl)c(C(=O)O)c12
BB-1620,BrCCC1CCCCCC1
BB-1621,O=Cc1nc(Br)co1
BB-1622,Cc1cccn2cc(C(=O)O)nc12
BB-1623,Cc1cc2cc(Br)c(F)cc2nc1N
BB-1624,COc1cccc(Cl)c1C1CNCCO1
BB-1625,COC(=O)[C@H]1CCCC[C@H]1S(N)(=O)=O
BB-1626,O=C(O)C1=CC=CN2CCN=C12
BB-1627,CCOC(=O)c1nc2n(c1Br)CCCC2
BB-1628,Cn1cc(C(=O)CBr)c2ccccc21
BB-1629,Cc1cc(F)c(N)c(C(=O)O)c1
BB-1630,Cc1cc(N=[N+]=[N-])ccc1N
BB-1631,Cc1[nH]c2ccc(Cl)cc2c1C(=O)O
BB-1632,COC(=O)Cc1cc(Br)c2c(c1)CCO2
BB-1633,O=C(O)c1cccc(Cn2cc(Br)cn2)c1
BB-1634,Cn1c(Cl)c(C(=O)O)c2cc(Cl)c(Cl)cc21
BB-1635,O=[N+]([O-])c1ccc(I)c(C(F)(F)F)c1
BB-1636,Cc1cc(Cl)c2c(c1)C(=O)CCCO2
BB-1637,O=C(O)Cn1cc(Nc2nc(=NCc3c(F)cc(F)cc3F)c(F)c[nH]2)cn1
BB-1638,COC(=O)c1c[nH]c(=O)c2c1c(I)cn2C
BB-1639,NC1CCc2c(C(=O)O)cc(C(=O)O)cc21
BB-1640,Clc1cc(Br)cc2c1OCCNC2
BB-1641,CC(=O)c1ccc(N2CCNC2=O)cc1
BB-1642,COc1ccc(-c2ccc(C#N)cc2)cc1
BB-1643,CNCc1ccc(Br)cc1Br
BB-1644,O=C(O)c1c(Cl)ccc2ccoc12
BB-1645,NC(CCSCCO)C(=O)O
BB-1646,CC1(CCO)CCNC1
BB-1647,CN(C)CCOc1ccc(C=O)cc1
BB-1648,CCOC(=O)C1(C#N)CC(OCc2ccccc2)C1
BB-1649,NCc1ccc(Oc2ccc(F)cc2)nc1
BB-1650,C#Cc1cccc(C(C)=O)c1F
BB-1651,CC(C)COC(=O)[C@H](C)N
BB-1652,NCCc1occc1C(=O)O
BB-1653,CN1CCN(C(=O)CCl)C1=O
BB-1654,CC(C)(C)OC(=O)n1c(=O)[nH]c2ccncc21
BB-1655,NC(COc1ccccc1)c1ccc(F)c(Cl)c1
BB-1656,CNc1ncnc2cc(C(=O)O)ccc12
BB-1657,CC(C)(C)OC(=O)N1CCn2nccc2C1C(=O)[O-]
BB-1658,COc1cccc(C=CC(C)=O)c1
BB-1659,Cc1cc(OCC2CO2)c(C(C)C)cc1Cl
BB-1660,O=C(O)CC1COc2cc(O)ccc21
BB-1661,CO[C@@H]1C[C@H](CN)N(c2cc(N)ncn2)C1
BB-1662,CCc1nc2ccccc2n1C1CCCNC1
BB-1663,O=C1CCCc2oc(=O)c(C(=O)O)cc21
BB-1664,Fc1c(Cl)cccc1C1CCNCC1
BB-1665,NC(COc1ccccc1)c1ccc(Cl)c(F)c1
BB-1666,COC(=O)c1c[nH]c(C2(N)CCOCC2)n1
BB-1667,CCOC(=O)C(=O)Nc1ccc(C)cc1
BB-1668,CCN(CC)S(=O)(=O)c1ccc(Oc2ccc(Br)cc2)c(N)c1
BB-1669,CCCc1ccc(C(=O)CCC(=O)O)cc1
BB-1670,CC(=O)/C=C/c1ccc([N+](=O)[O-])cc1
BB-1671,CN1CCN(Cc2cc(C=O)ccc2O)CC1
BB-1672,C1CC2CCNC(C1)C2
BB-1673,CC(N)[C@@H]1C[C@H]1c1ccccc1
BB-1674,O=C(O)C1CCc2ccc(Br)cc2O1
BB-1675,CC(=O)N1CC2C=CC1C2
BB-1676,O=C(O)c1ncoc1C1CCN(C(=O)OCC2c3ccccc3-c3ccccc32)CC1
BB-1677,Clc1cccc(C2CO2)c1
BB-1678,NC(Cc1cc(C(F)(F)F)cnc1Cl)C(=O)O
BB-1679,CC(C)(C)OC(=O)c1cc(F)ccc1F
BB-1680,N#C[C@]1(c2ccccc2)C[C@@H](N=[N+]=[N-])C1
BB-1681,CCOC(=O)c1ccc(CN)o1
BB-1682,NCC(=O)c1ccc(Br)cc1
BB-1683,NC1CCCc2cn(CC(F)(F)F)nc21
BB-1684,COCc1nccc(C2CCCNC2)n1
BB-1685,CCNCCCC[Si](C)(C)C
BB-1686,CC(C)(C)OC(=O)N1C[C@H]2C=C[C@H]2C1
BB-1687,CC1CC(C)CN(CC#N)C1
BB-1688,O=C(O)c1ccc([N+](=O)[O-])cc1I
BB-1689,CCCc1cc(C(=O)O)cc(Cl)n1
BB-1690,CC1(C)CNc2ccc([N+](=O)[O-])cc21
BB-1691,CC(C)n1c(N)nc2ccc(F)cc21
BB-1692,CON(C)C(=O)CC1CCCO1
BB-1693,CC(C)(C)n1nc(Br)c2c(O)ncnc21
BB-1694,CC(=O)c1nnn(-c2cccc3ncccc23)c1C
BB-1695,Cc1cc(Br)c2c(c1)CNCC2
BB-1696,O=C(Nc1ncccc1O)c1ccc(C2SCCS2)cc1
BB-1697,COc1cc2c(cc1Br)CCNC2
BB-1698,N#Cc1cccc(C(N)c2ccc(Cl)cc2)c1
BB-1699,CC(=O)c1cnc(Cl)c(Br)c1
BB-1700,CC(O)CC(C)C1CCCCC1
BB-1701,CC(C)(C)OC(=O)NC1CC(=O)C12CC(C(F)F)C2
BB-1702,O=C=Nc1ccc(F)cc1C(F)(F)F
BB-1703,COc1cc(C2(CN)CCC2)ccn1
BB-1704,O=C(Cc1cccnc1)Nc1ccc(C(=O)O)cc1
BB-1705,CC(C)(C)OC(=O)N1CCCC(CCCC2CNC2)C1
BB-1706,O=C1CC(C(=O)O)(c2cccc(Br)c2)C1
BB-1707,CC(C)(C)OC(=O)N1CCn2c(CN)nnc2C1
BB-1708,O=Cc1cccc(CBr)c1
BB-1709,Cc1cc(C)c(C(=O)O)cc1N
BB-1710,CN1C=CC(=C(C#N)C(=O)CCl)C=C1
BB-1711,O=[N+]([O-])c1ccccc1CNC1CC1
BB-1712,Cc1ccccc1Cc1nc2ccccc2[nH]1
BB-1713,c1ccc2cc(OCCC3CCNCC3)ccc2c1
BB-1714,CC(=O)CCc1cccc(C(F)(F)F)c1
BB-1715,COC(=O)c1ccc2c(c1)C(C)CN2
BB-1716,Cn1ncc([N+](=O)[O-])c1C#N
BB-1717,COC1C(Br)CCC(C(=O)O)N1C(=O)OC(C)(C)C
BB-1718,O=C(c1ccc(Cl)cc1)C(F)Br
BB-1719,CN1CC2CCC1C(CN)C2
BB-1720,CCNC(=O)CO
BB-1721,Cc1ccncc1NC(=O)OCC(F)(F)F
BB-1722,COCCOCCOCC(=O)NCCS
BB-1723,O=C(O)C1CCc2cc(Br)ccc2O1
BB-1724,CC(C)(C)OC(=O)N1C(=O)C[C@@H](O)[C@H]1Cc1ccccc1
BB-1725,N=S(=O)(Cc1cccnc1)c1cccc(Br)c1
BB-1726,COc1ccc(CCN)c(Cl)c1
BB-1727,CC(=O)c1ccc(C(F)(F)F)s1
BB-1728,CC1CC(O)CN1C
BB-1729,Nc1cc(C(=O)O)ccc1I
BB-1730,NCC1(O)CS(=O)(=O)C1
BB-1731,COC(=O)c1cc(Cl)c(OC)cc1C
BB-1732,O=C(CCl)Nc1cccc(C(=O)N2CCSCC2)c1
BB-1733,O=[N+]([O-])c1ccccc1S(=O)(=O)N1CC(O)CC12CCOCC2
BB-1734,Nc1ccc(=O)n(Cc2ccccc2Cl)c1
BB-1735,Ic1cnco1
BB-1736,NC(CO)C1CCC(F)(F)CC1
BB-1737,O=C(O)c1ccc(CSc2nc(-c3ccc(Cl)cc3)cs2)o1
BB-1738,CC(C)(C)OC(=O)N1CCC(CCCN)CC1
BB-1739,NC[C@H](N)C(=O)O
BB-1740,OCC(O)CN1CCC(O)C1
BB-1741,COC1CC(O)C12CCNCC2
BB-1742,O=C(O)[C@@H]1C[C@H](O)C[C@H](C(=O)O)C1
BB-1743,Cc1ccc(C(C)NO)cc1
BB-1744,O=C(O)Cc1ccc(Br)cc1[N+](=O)[O-]
BB-1745,Cc1nc2[nH]n(C)c(=O)c2c(C)c1CC(=O)O
BB-1746,O=C1C=C2NCCC=C2O1
BB-1747,O=C(O)c1cnc(O)c(Cl)c1
BB-1748,Nc1cc(Br)nc(N)n1
BB-1749,CCNC1CCN(C(=O)OC(C)(C)C)CC1
BB-1750,CC(=O)NC1(c2nc(C)cs2)CCNC1
BB-1751,Cc1ccccc1C(C)C#N
BB-1752,CCc1cccc(Cl)c1Br
BB-1753,Cc1cncc(C=O)c1Cl
BB-1754,NCCc1ccc(OCC(=O)O)cc1
BB-1755,O=C(O)c1cccc[n+]1[O-]
BB-1756,O=C(C1CCNCC1)N1CCCCCC1
BB-1757,CCOC(=O)CC(CN)B1OC(C)(C)C(C)(C)O1
BB-1758,CCC1(C)NC(=O)N(CCCN)C1=O
BB-1759,COC(=O)c1cc(F)c(N)cc1F
BB-1760,CCOC(=O)c1sc2[nH]nnc(=O)c2c1C
BB-1761,COC(=O)c1cc2c(Cl)ccc(C)c2[nH]1
BB-1762,O=C(O)c1cnco1
BB-1763,O=C(O)c1ccn(CCO)c(=O)c1
BB-1764,COC(=O)c1ccc(C2(O)CCNC2)cc1
BB-1765,Fc1cc2c(cc1Br)CNC2
BB-1766,O=C(O)C(Cc1ccccc1)NS(=O)(=O)c1ccc([N+](=O)[O-])cc1Cl
BB-1767,CC1CNC(=O)c2cc(Br)cn21
BB-1768,CCOC(=O)C(=O)c1c(Br)nc(C)n1C
BB-1769,N[C@@H]1CCO[C@H]1c1ccc(Cl)c(F)c1
BB-1770,CC(C)C(N)C#N
BB-1771,COC(=O)C1(N2CCNCC2)COC1
BB-1772,CC(C)(C)C1CCC(Cl)CC1
BB-1773,COc1ccc(CC(=O)O)cc1F
BB-1774,O=S1(=O)CC=C(S(=O)(=O)Nc2ccc(Cl)cc2)C1
BB-1775,COC(=O)c1c[nH]c(C2(N)CCC2)n1
BB-1776,Cc1ccc([C@@H]2C[C@H]2C(=O)O)c(Cl)n1
BB-1777,Clc1ncc(-c2ccccc2)o1
BB-1778,[N-]=[N+]=Nc1ccc(Br)c(Cl)c1Cl
BB-1779,CC(=O)Nc1ccc(C(=O)C(C)Cl)cc1
BB-1780,Nc1cccc(N2CCOCC2)c1
BB-1781,Cc1n[nH]c2c(C(=O)O)cccc12
BB-1782,NC(C1CC1)C1(CO)CCCO1
BB-1783,CC(C)(C)OC(=O)N1C2CCCC1CC1(CC(=O)C1)C2
BB-1784,CC1COC(N)=N1
BB-1785,COC[C@@H](C)O
BB-1786,c1ccc2sc(C3CCCCN3)nc2c1
BB-1787,NCc1cnc(N)c(Br)c1
BB-1788,COc1cc(C(C)(C)O)ccc1Br
BB-1789,CCCCC(C)=O
BB-1790,CC(N)CCCCN
BB-1791,CC1(C)C(C(=O)O)C1(F)F
BB-1792,CC#CC1(N)COC1
BB-1793,CC(C)(C)OC(=O)N[C@H]1C[C@@H](C(=O)O)N(C(=O)OCC2c3ccccc3-c3ccccc32)C1
BB-1794,COC(=CC(=O)C(F)(F)F)OC
BB-1795,OCc1ccsc1Br
BB-1796,O=C1OC(CBr)CN1c1ccc(Br)cc1
BB-1797,CC(C)(C)OC(=O)[C@H]1CC[C@H](CBr)CC1
BB-1798,Cn1c(N)nc2cc(C(=O)O)cc(Br)c21
BB-1799,CC(C)(C)OC(=O)[C@@H]1NC[C@H]1c1ccc(C(=O)O)cc1
BB-1800,O=Cc1ncncc1Br
BB-1801,FC(F)Oc1ncccc1I
BB-1802,COc1cc(C#N)c2ccccc2n1
BB-1803,CCc1cccc2c1CCCN2
BB-1804,CCOc1ccc(S(=O)(=O)Cl)cn1
BB-1805,O=C1CCc2ccc(Cl)cc21
BB-1806,O=C(O)c1ccc(N2CCCC2=O)cc1
BB-1807,c1ncn(C[C@H]2CCCN2)n1
BB-1808,COc1ccc(Br)cc1CC(N)C(=O)O
BB-1809,CC1(C)OB(c2ccccc2P(C)(C)=O)OC1(C)C
BB-1810,CN1CCC(Nc2ccc(Br)cc2)CC1
BB-1811,CC1(C)CCC2(CC(N)C2)C1
BB-1812,COc1[nH]nc(C(F)(F)F)c1Br
BB-1813,[N-]=[N+]=NCCCS(=O)(=O)F
BB-1814,NCC1(c2cccc(C(F)(F)F)c2)CC1
BB-1815,COc1c(Cl)cc(N)cc1Cl
BB-1816,CNCc1ccc2c(c1)oc(=O)n2C
BB-1817,Cc1cc(Cl)c(CBr)cc1C
BB-1818,COC(=O)c1cc(C(F)(F)F)ccc1N
BB-1819,CCOC(=O)c1nc(C2CC2)n(Cc2ccccc2)c1N
BB-1820,CCc1ccsc1Br
BB-1821,CC(C)(C)OC(=O)N1CCC(=O)CC1=O
BB-1822,Cc1c(CN)oc2ccc(Cl)cc12
BB-1823,CC(C)(C)OC(=O)N1C[C@H]2C[C@@H]1C[C@@H](C(=O)O)O2
BB-1824,Nc1nc(Cl)cc(-c2ccccc2)n1
BB-1825,CC(C)c1n[nH]c(C(N)=O)c1N
BB-1826,Cc1ccc(C2CNCCO2)o1
BB-1827,NCc1ccc2c(c1)C(=O)OC2
BB-1828,CC(C)(C)OC(=O)N1CCN(C2(C)CNC2)CC1
BB-1829,O=C(O)Cc1cnn2c1CCCC2
BB-1830,FC(F)(F)c1cnc(N2CCNCC2)c(Cl)c1
BB-1831,NCc1nc(-c2ccc(F)cc2)c[nH]1
BB-1832,C[C@@H](CN)Oc1ccccc1
BB-1833,N=C(N)c1cccc(CN)c1
BB-1834,CC(C)CONCc1ccccc1
BB-1835,O=S(=O)(NCc1ccco1)c1ccccc1
BB-1836,CC(=O)Cc1ccccc1S(=O)(=O)NC(=O)OC(C)(C)C
BB-1837,N#Cc1ccc(N2CCCNCC2)c(F)c1
BB-1838,CC(C)S(=O)(=O)c1ccc2nccc(Cl)c2c1
BB-1839,O=C(OCc1ccccc1)C1CC(O)C1
BB-1840,CCC(C)(C)c1cc(C(C)=O)c(O)c(C(C)=O)c1
BB-1841,Brc1ccc2c(c1)C1(CCC1)CN2
BB-1842,O=C(Cc1ccccc1)c1ccc(Br)s1
BB-1843,CC(C)(C)OC(=O)N1CCc2cc(Cl)c([N+](=O)[O-])cc2C1
BB-1844,COc1ccc(Cl)c(-c2cc(C(=O)O)on2)c1
BB-1845,F[C@@H]1C[C@@H]2C[C@H](C1)N2
BB-1846,CN(CC(=O)O)c1ccc(C(F)(F)F)cc1C=O
BB-1847,COC(=O)CCCS(=O)(=O)Cl
BB-1848,C#CC12CCC(C(F)F)(CC1)CC2
BB-1849,c1ccc2sc(C3CCCN3)nc2c1
BB-1850,Cc1cnn(CC2CCCN2)c1
BB-1851,O=C(O)CCc1cc(Br)cc2c1OCC2
BB-1852,CCC(Oc1ccccc1Cl)C(=O)O
BB-1853,O=C(O)c1ccn(-c2ccc(Cl)c(Cl)c2)n1
BB-1854,CC(C)[C@@H]1C[C@H](CN)c2ccccc21
BB-1855,COC(=O)C(CN)c1ccc(C)cc1
BB-1856,Clc1nc(N2CCNCC2)nc(N2CCOCC2)n1
BB-1857,CC(C)(C)OC(=O)N1CCCC1C(CC(=O)O)C(F)(F)F
BB-1858,COC(=O)c1cccc(CO)c1F
BB-1859,Cn1cc(N)c(C#N)n1
BB-1860,NC(=O)COc1ccc(Cl)cc1Br
BB-1861,CCc1cc(C(=O)O)c(Br)s1
BB-1862,CCOC(=O)c1cc2c([nH]1)CCCC2=O
BB-1863,CC(N)(C(=O)O)c1ccc(C(F)(F)F)cc1
BB-1864,CCOC(=O)C1(C)CCCCC1=O
BB-1865,CSc1cccc(C(N)c2ccc(F)cc2F)c1
BB-1866,COC(=O)CC(C)(C)c1ccc(N)cc1
BB-1867,Cc1nc(N)oc1-c1ccncc1
BB-1868,O=Cc1c(C(=O)O)[nH]c2cc(Br)ccc12
BB-1869,C=C1CC1C(=O)OCC
BB-1870,CCCCN1C(=O)c2ccc(C(=O)O)cc2C1=O
BB-1871,COc1cc(Cl)c2c(c1)C(=O)CCC2
BB-1872,CS(=O)(=O)c1ccc2nccc(O)c2c1
BB-1873,CC(C)(C)OC(=O)N1CC2CCC(C(=O)O)CC2C1
BB-1874,COc1ccc(-c2nc(CCl)cs2)cc1OC
BB-1875,COC(=O)C1CCc2sc(Br)nc2C1
BB-1876,O=C1CCN(Cc2ccccc2)CC1
BB-1877,CNC1CCN(c2ccc(C(F)(F)F)nc2)CC1
BB-1878,O=C(O)[C@@H]1[C@@H](c2ccc(Br)cc2)CCN1C(=O)OCC1c2ccccc2-c2ccccc21
BB-1879,CC1(C)CC(CN)OC1(C)C
BB-1880,Cc1cc2c(cc1Br)NCC(C)O2
BB-1881,CC1(C)CC(S)CCO1
BB-1882,O=C(O)c1ccc2c(c1)[nH]c(=O)n2C1CC1
BB-1883,CC(=O)N1CC2(CCNCC2)[C@H]2COC[C@H]21
BB-1884,CCOC(=O)CC(=O)C(F)(F)Cl
BB-1885,N#CCCS(=O)(=O)Cc1ccc(F)cc1
BB-1886,C=Cn1c(CCNC(=O)OC(C)(C)C)nc2ccccc21
BB-1887,COC(=O)c1ccc2c(c1)CCC2=O
BB-1888,CC1OCCC1N
BB-1889,COCOc1ccc(Br)c(F)c1
BB-1890,NC(=NO)c1ccc(OC(F)(F)F)cc1
BB-1891,COc1cccc(CO)c1[N+](=O)[O-]
BB-1892,CCc1ccc(C=O)[nH]1
BB-1893,CC(C)(C)OC(=O)C1(CO)CCCC1
BB-1894,Cc1c(Cl)cccc1NC(=O)CC#N
BB-1895,O=[N+]([O-])c1cc(C(F)(F)F)c(Cl)cc1Cl
BB-1896,Cc1cc2c(cc1Br)C(=O)CCO2
BB-1897,CC(O)c1ccc(S(N)(=O)=O)cc1
BB-1898,COc1ccc(/C=C/C(=O)O)cc1Cl
BB-1899,CC1(C)CN(c2ccccc2N)C1=O
BB-1900,Cc1noc(C)c1C(C)CC(=O)O
BB-1901,COC(=O)C(NC(=O)OC(C)(C)C)C(F)(F)F
BB-1902,CC(C)(O)c1n[nH]c2c1CCC2
BB-1903,COc1c(Br)sc(S(N)(=O)=O)c1OC
BB-1904,COc1cc2[nH]c(=O)cc(C)c2cc1OC
BB-1905,O=C(c1ncc[nH]1)C1CCCCC1
BB-1906,FC(F)(F)c1cc2c([nH]1)CNCC2
BB-1907,CNC(C(=O)O)c1cc(OC)ccc1Br
BB-1908,O=C(O)COc1ccc([N+](=O)[O-])cc1
BB-1909,N[C@@H]1CCOC1
BB-1910,O=C(O)[C@H]1CCN[C@@H](c2ccccc2)C1
BB-1911,Cc1cc2c(c(C(=O)O)c1)NCCC2
BB-1912,CC(=O)Nc1cc2c(cc1Br)C(=O)CC2
BB-1913,CCc1c(C(=O)O)cnn1CC
BB-1914,COC(=O)c1ncoc1C1CCCNC1
BB-1915,NS(=O)(=O)c1ccc(S(=O)(=O)N2CCNCC2)cc1
BB-1916,Oc1cc(Br)cnc1Br
BB-1917,C1=C(c2cccnc2)CCNC1
BB-1918,COC(=O)c1nc(Cl)c(C)cc1Br
BB-1919,CN(C)c1nc(C=O)c(Cl)n1-c1ccc(Br)cc1
BB-1920,CN1C(=O)CC[C@H](C(=O)O)[C@H]1c1cccs1
BB-1921,CN1CCC(Oc2ccc(N)cn2)CC1
BB-1922,Clc1ccc2c(c1)CCCCN2
BB-1923,FC[C@H]1CCNC1
BB-1924,COc1ccc(I)nc1Cl
BB-1925,c1cnc(N2CCCNCC2)cn1
BB-1926,CC(C)(C)OC(=O)N[C@H](CC(=O)O)c1cccc2ccccc12
BB-1927,CC(C)(C)C1OCCCC1=O
BB-1928,Cc1c(Cl)ccc(CO)c1Cl
BB-1929,CC(C)n1ncc(N)c1Cl
BB-1930,COc1cccc2c1CCC(=O)N2
BB-1931,O=[N+]([O-])c1cccc(CO)c1
BB-1932,O=C1CC2CCCC1C2
BB-1933,COc1ccc(Cl)c(CN)c1
BB-1934,Cc1cccc(N)c1C(=O)O
BB-1935,COc1ccc(N2CCN(C(C)C(=O)O)CC2)cc1
BB-1936,COc1cc(O)c(C(C)=O)cc1Cl
BB-1937,CCOC(=O)c1cc(C(C)=O)n[nH]1
BB-1938,Cn1ncc(C(=O)O)c1-c1ccc(F)cc1F
BB-1939,Nc1c(I)cc(F)c(Br)c1F
BB-1940,C=CCOc1ccc(C[C@H](N)C(=O)OC(C)(C)C)cc1
BB-1941,COc1ccc(C2=NC(=Cc3cccnc3)C(=O)O2)c(Cl)c1
BB-1942,CCC(N)c1nc(C)n[nH]1
BB-1943,CCC(=O)c1cccc(Br)c1
BB-1944,CCC1(CBr)COC1
BB-1945,COC(=O)C1(c2cc(Br)ccc2C#N)CCC1
BB-1946,OCc1ccc(Oc2ccccc2F)cc1
BB-1947,Nc1ccc2c(c1)S(=O)(=O)NC2=O
BB-1948,CCC(=O)c1ccc(Cl)c(N)c1
BB-1949,O=Cc1ccc(O)c(C(F)(F)F)c1
BB-1950,N#Cc1c(N)ncc2c1CCOC2
BB-1951,O=C(O)C1(C(F)(F)F)CC2(CCC2)C1
BB-1952,C=Cc1ccc2c(c1)CNC2
BB-1953,C[C@@H](N)c1coc2c(F)cccc12
BB-1954,CC(C)(C)OC(=O)NC1CC2(C1)NCCN1CCCC12
BB-1955,COc1ccc(CC2CO2)cc1OC
BB-1956,Cc1cc(N)ncc1C#N
BB-1957,NCCCN1CCc2ccccc21
BB-1958,CCCNc1ccncc1N
BB-1959,CNCc1oc2c(C)cccc2c1C
BB-1960,COC(=O)c1cc(C)n(C)c1C
BB-1961,Cc1ccc(C(C)NC(=O)CCl)cc1C
BB-1962,BrCc1c(Br)cccc1Br
BB-1963,NC1(Cc2ccc(F)cc2F)CCCCC1
BB-1964,O=C(O)c1ccc2occ(Br)c2c1
BB-1965,Fc1cc(N2CCNCC2)ncn1
BB-1966,CN(C(=O)OC(C)(C)C)[C@H]1CCCNC1
BB-1967,NCc1cc(F)cc2c1OCOC2
BB-1968,Cc1c(Br)ccc(O)c1N
BB-1969,CC(=O)CCCN1C(=O)c2ccccc2C1=O
BB-1970,Cc1ccc(C(=O)CCC(=O)CCC(=O)O)s1
BB-1971,O=C(O)Cn1ncc2nc(Br)ccc21
BB-1972,CCOc1ccc(C(C)=O)cc1S(N)(=O)=O
BB-1973,C[Si](C)(C)c1n[nH]nc1Br
BB-1974,N[C@H]1C[C@@H](CC(=O)O)C1
BB-1975,Brc1ccc(N2CCNCC2)cc1
BB-1976,C#CCOc1cc(C)on1
BB-1977,CC(C)(C)OC(=O)N1CC(n2cc(C(=O)O)nn2)C1
BB-1978,N#CC1CCNC12CC2
BB-1979,NCCNc1ncc(C(F)(F)F)cc1Cl
BB-1980,CCC1(CBr)CCCC1
BB-1981,COC(=O)c1coc2c1CNC2
BB-1982,CCCCCCCCCCNCCCC(=O)OC
BB-1983,CC(=O)c1ccc(OCC(F)(F)F)cc1
BB-1984,CC(C)(C)OC(=O)N1CC(CC(=O)O)C(C)(C)C1
BB-1985,CCc1sc(N)nc1-c1ccc(OC)cc1
BB-1986,CN1CCC(F)(F)C(CO)C1
BB-1987,N#CC1(c2cncc(Br)c2)CCC1
BB-1988,NCc1cc(C(=O)O)c2n1CCCC2
BB-1989,CC(=O)c1cc2cccc(F)c2o1
BB-1990,CN(C)C(=O)CCNC(=O)C(=O)O
BB-1991,O=C(O)c1c(-c2ccccc2)nn2c1CCCC2
BB-1992,NS(=O)(=O)c1cc2c(cc1Cl)NCNS2(=O)=O
BB-1993,COc1ccc2[nH]c(C(=O)O)cc2c1Cl
BB-1994,NC(CO)Cc1ccccc1Cl
BB-1995,CC1(C)C(=O)CC1Oc1ccccc1
BB-1996,CC(=O)c1sc2nc(C)nc(C)c2c1C
BB-1997,c1cnc2c(c1)ncn2C1CCNCC1
BB-1998,Cc1ccccc1N=[N+]=[N-]
BB-1999,CC(C)n1cnnc1CC(=O)O
