name,smiles_original,smiles_boc,anchor_origin,primary_match_count,boc_product_count
BB-0004,N#Cc1cc(C(F)(F)F)ccc1NCCN,CC(C)(C)OC(=O)NCCNc1ccc(C(F)(F)F)cc1C#N,existing_2000_single_primary_amine,1,1
BB-0007,Cc1nnc2cc(N)ccn12,Cc1nnc2cc(NC(=O)OC(C)(C)C)ccn12,existing_2000_single_primary_amine,1,1
BB-0013,N[C@@H](CCC(=O)O)C(=O)O,CC(C)(C)OC(=O)N[C@@H](CCC(=O)O)C(=O)O,existing_2000_single_primary_amine,1,1
BB-0015,Cc1ccc(C(N)c2ccc(F)cc2Cl)cc1,Cc1ccc(C(NC(=O)OC(C)(C)C)c2ccc(F)cc2Cl)cc1,existing_2000_single_primary_amine,1,1
BB-0016,Cc1nn(C)c(C(N)=O)c1N,Cc1nn(C)c(C(N)=O)c1NC(=O)OC(C)(C)C,existing_2000_single_primary_amine,1,1
BB-0020,CCOC(=O)c1nc2c(Br)cccn2c1N,CCOC(=O)c1nc2c(Br)cccn2c1NC(=O)OC(C)(C)C,existing_2000_single_primary_amine,1,1
BB-0024,Cc1ccc(C2CCCCN2)cc1N,Cc1ccc(C2CCCCN2)cc1NC(=O)OC(C)(C)C,existing_2000_single_primary_amine,1,1
BB-0028,CCn1c(N)c(C(=O)CCl)c(=O)[nH]c1=O,CCn1c(NC(=O)OC(C)(C)C)c(C(=O)CCl)c(=O)[nH]c1=O,existing_2000_single_primary_amine,1,1
BB-0034,Cc1cnc(NCCN)nc1,Cc1cnc(NCCNC(=O)OC(C)(C)C)nc1,existing_2000_single_primary_amine,1,1
BB-0035,NCC12CCC(F)(CO1)C2,CC(C)(C)OC(=O)NCC12CCC(F)(CO1)C2,existing_2000_single_primary_amine,1,1
BB-0042,NS(=O)(=O)c1cc(Br)c(F)c(C(=O)O)c1,CC(C)(C)OC(=O)NS(=O)(=O)c1cc(Br)c(F)c(C(=O)O)c1,existing_2000_single_primary_amine,1,1
BB-0055,CCCn1c(N)c(N2CCOCC2)c(=O)[nH]c1=O,CCCn1c(NC(=O)OC(C)(C)C)c(N2CCOCC2)c(=O)[nH]c1=O,existing_2000_single_primary_amine,1,1
BB-0059,Cc1n[nH]c(C)c1NC(=O)C(C)CN,Cc1n[nH]c(C)c1NC(=O)C(C)CNC(=O)OC(C)(C)C,existing_2000_single_primary_amine,1,1
BB-0063,Nc1ccc(C(=O)O)cc1CCCC(=O)O,CC(C)(C)OC(=O)Nc1ccc(C(=O)O)cc1CCCC(=O)O,existing_2000_single_primary_amine,1,1
BB-0065,NC1CCCN(c2ccc(Cl)c(Cl)c2)C1,CC(C)(C)OC(=O)NC1CCCN(c2ccc(Cl)c(Cl)c2)C1,existing_2000_single_primary_amine,1,1
BB-0080,COCCCC(N)Cc1ccccc1,COCCCC(Cc1ccccc1)NC(=O)OC(C)(C)C,existing_2000_single_primary_amine,1,1
BB-0081,Cc1cc(N)n(-c2ccc(Cl)cc2)n1,Cc1cc(NC(=O)OC(C)(C)C)n(-c2ccc(Cl)cc2)n1,existing_2000_single_primary_amine,1,1
BB-0085,Nc1ccccc1NC(=O)c1ccncc1,CC(C)(C)OC(=O)Nc1ccccc1NC(=O)c1ccncc1,existing_2000_single_primary_amine,1,1
BB-0095,CNc1cc(Br)ccc1N,CNc1cc(Br)ccc1NC(=O)OC(C)(C)C,existing_2000_single_primary_amine,1,1
BB-0096,COc1ccc(C(=O)CN)cc1Cl,COc1ccc(C(=O)CNC(=O)OC(C)(C)C)cc1Cl,existing_2000_single_primary_amine,1,1
BB-0112,Cn1nc(N)cc1C1CC1,Cn1nc(NC(=O)OC(C)(C)C)cc1C1CC1,existing_2000_single_primary_amine,1,1
BB-0116,Cc1nc(C(N)c2ccc(F)cc2)no1,Cc1nc(C(NC(=O)OC(C)(C)C)c2ccc(F)cc2)no1,existing_2000_single_primary_amine,1,1
BB-0118,NCC1(c2cccc(Br)c2)CCC1,CC(C)(C)OC(=O)NCC1(c2cccc(Br)c2)CCC1,existing_2000_single_primary_amine,1,1
BB-0119,CCCn1c(N)c(C(=O)CCl)c(=O)[nH]c1=O,CCCn1c(NC(=O)OC(C)(C)C)c(C(=O)CCl)c(=O)[nH]c1=O,existing_2000_single_primary_amine,1,1
BB-0121,Cc1cc(C)cc(C(N)CO)c1,Cc1cc(C)cc(C(CO)NC(=O)OC(C)(C)C)c1,existing_2000_single_primary_amine,1,1
BB-0125,CC(N)Cc1c(F)cccc1F,CC(Cc1c(F)cccc1F)NC(=O)OC(C)(C)C,existing_2000_single_primary_amine,1,1
BB-0138,COc1cccc(NN)c1Cl,COc1cccc(NNC(=O)OC(C)(C)C)c1Cl,existing_2000_single_primary_amine,1,1
BB-0140,NC[C@@]12CCCC[C@]1(C(=O)O)C2,CC(C)(C)OC(=O)NC[C@@]12CCCC[C@]1(C(=O)O)C2,existing_2000_single_primary_amine,1,1
BB-0144,Cc1ccc(N)cc1-c1ccccc1,Cc1ccc(NC(=O)OC(C)(C)C)cc1-c1ccccc1,existing_2000_single_primary_amine,1,1
BB-0145,Nc1ccc(Br)c(F)c1CO,CC(C)(C)OC(=O)Nc1ccc(Br)c(F)c1CO,existing_2000_single_primary_amine,1,1
BB-0146,NCC1(c2cccc(C(F)(F)F)c2)CCOCC1,CC(C)(C)OC(=O)NCC1(c2cccc(C(F)(F)F)c2)CCOCC1,existing_2000_single_primary_amine,1,1
BB-0148,COC(=O)/C=C/CC(C)(C)N,COC(=O)/C=C/CC(C)(C)NC(=O)OC(C)(C)C,existing_2000_single_primary_amine,1,1
BB-0154,Cc1ccc([C@@H]2OCCC[C@H]2N)cc1,Cc1ccc([C@@H]2OCCC[C@H]2NC(=O)OC(C)(C)C)cc1,existing_2000_single_primary_amine,1,1
BB-0155,NC(CC(=O)O)c1ccc(F)cc1,CC(C)(C)OC(=O)NC(CC(=O)O)c1ccc(F)cc1,existing_2000_single_primary_amine,1,1
BB-0156,CC(C)CC(N)C1CC1c1ccccc1,CC(C)CC(NC(=O)OC(C)(C)C)C1CC1c1ccccc1,existing_2000_single_primary_amine,1,1
BB-0157,Nc1cc(-c2ccc(-c3ccccc3)cc2)[nH]n1,CC(C)(C)OC(=O)Nc1cc(-c2ccc(-c3ccccc3)cc2)[nH]n1,existing_2000_single_primary_amine,1,1
BB-0158,NCCC1CC1(Cl)Cl,CC(C)(C)OC(=O)NCCC1CC1(Cl)Cl,existing_2000_single_primary_amine,1,1
BB-0160,NCc1c(F)cccc1OC(F)(F)F,CC(C)(C)OC(=O)NCc1c(F)cccc1OC(F)(F)F,existing_2000_single_primary_amine,1,1
BB-0168,Nc1ccccc1C(=O)CCCC(=O)O,CC(C)(C)OC(=O)Nc1ccccc1C(=O)CCCC(=O)O,existing_2000_single_primary_amine,1,1
BB-0171,COC(=O)C(CN)CC1CCCC1,COC(=O)C(CNC(=O)OC(C)(C)C)CC1CCCC1,existing_2000_single_primary_amine,1,1
BB-0176,Cc1cc(N)cc(C)c1F,Cc1cc(NC(=O)OC(C)(C)C)cc(C)c1F,existing_2000_single_primary_amine,1,1
BB-0180,Cc1nn(-c2ncccn2)c(N)c1Br,Cc1nn(-c2ncccn2)c(NC(=O)OC(C)(C)C)c1Br,existing_2000_single_primary_amine,1,1
BB-0185,CN(C)c1nc(CCN)cs1,CN(C)c1nc(CCNC(=O)OC(C)(C)C)cs1,existing_2000_single_primary_amine,1,1
BB-0194,COCC(N)(c1ccccc1)c1nc2ccccc2n1C,COCC(NC(=O)OC(C)(C)C)(c1ccccc1)c1nc2ccccc2n1C,existing_2000_single_primary_amine,1,1
BB-0201,CNS(=O)(=O)N1CCC(N)CC1,CNS(=O)(=O)N1CCC(NC(=O)OC(C)(C)C)CC1,existing_2000_single_primary_amine,1,1
BB-0207,CC(N)C(=O)N1CCc2ccccc21,CC(NC(=O)OC(C)(C)C)C(=O)N1CCc2ccccc21,existing_2000_single_primary_amine,1,1
BB-0211,NC1CCC(C(F)(F)F)CC1,CC(C)(C)OC(=O)NC1CCC(C(F)(F)F)CC1,existing_2000_single_primary_amine,1,1
BB-0212,COC(=O)c1c(N)nc2n1CC(C(=O)O)CC2,COC(=O)c1c(NC(=O)OC(C)(C)C)nc2n1CC(C(=O)O)CC2,existing_2000_single_primary_amine,1,1
BB-0213,Cc1cc(N)ccc1N1CCCS1(=O)=O,Cc1cc(NC(=O)OC(C)(C)C)ccc1N1CCCS1(=O)=O,existing_2000_single_primary_amine,1,1
BB-0216,Nc1ccc2c(Br)nccc2n1,CC(C)(C)OC(=O)Nc1ccc2c(Br)nccc2n1,existing_2000_single_primary_amine,1,1
BB-0217,CC1(C)OB(c2cccc(CN)c2)OC1(C)C,CC(C)(C)OC(=O)NCc1cccc(B2OC(C)(C)C(C)(C)O2)c1,existing_2000_single_primary_amine,1,1
BB-0218,COCCCCc1cccnc1N,COCCCCc1cccnc1NC(=O)OC(C)(C)C,existing_2000_single_primary_amine,1,1
BB-0236,NC1CCCN(c2ccc3c(c2)OCO3)C1,CC(C)(C)OC(=O)NC1CCCN(c2ccc3c(c2)OCO3)C1,existing_2000_single_primary_amine,1,1
BB-0238,CCn1c(N)c(-c2csc(C)n2)c(=O)[nH]c1=O,CCn1c(NC(=O)OC(C)(C)C)c(-c2csc(C)n2)c(=O)[nH]c1=O,existing_2000_single_primary_amine,1,1
BB-0246,CCC1CCC(N)(C2=NCCN2)CC1,CCC1CCC(NC(=O)OC(C)(C)C)(C2=NCCN2)CC1,existing_2000_single_primary_amine,1,1
BB-0247,COC(=O)c1ccc(C2(N)CC2)o1,COC(=O)c1ccc(C2(NC(=O)OC(C)(C)C)CC2)o1,existing_2000_single_primary_amine,1,1
BB-0249,CNC(=O)CCC(N)c1ccccc1,CNC(=O)CCC(NC(=O)OC(C)(C)C)c1ccccc1,existing_2000_single_primary_amine,1,1
BB-0253,COCCn1c(CN)nc2cc3c(cc21)OCO3,COCCn1c(CNC(=O)OC(C)(C)C)nc2cc3c(cc21)OCO3,existing_2000_single_primary_amine,1,1
BB-0255,Cc1nc(N)sc1Cc1ccc(F)c(F)c1F,Cc1nc(NC(=O)OC(C)(C)C)sc1Cc1ccc(F)c(F)c1F,existing_2000_single_primary_amine,1,1
BB-0264,CNc1ncc(F)cc1N,CNc1ncc(F)cc1NC(=O)OC(C)(C)C,existing_2000_single_primary_amine,1,1
BB-0278,CS(=O)(=O)C[C@H]1C[C@H]1N,CC(C)(C)OC(=O)N[C@@H]1C[C@@H]1CS(C)(=O)=O,existing_2000_single_primary_amine,1,1
BB-0282,Cc1cnn(C(C)CN)c1,Cc1cnn(C(C)CNC(=O)OC(C)(C)C)c1,existing_2000_single_primary_amine,1,1
BB-0284,NCCNO,CC(C)(C)OC(=O)NCCNO,existing_2000_single_primary_amine,1,1
BB-0289,CC(C)(C)OC(=O)NC1CC(CN)C1,CC(C)(C)OC(=O)NCC1CC(NC(=O)OC(C)(C)C)C1,existing_2000_single_primary_amine,1,1
BB-0290,NCc1ccnc(NC2CC2)c1,CC(C)(C)OC(=O)NCc1ccnc(NC2CC2)c1,existing_2000_single_primary_amine,1,1
BB-0294,Nc1nncc(-c2cccc(F)c2)n1,CC(C)(C)OC(=O)Nc1nncc(-c2cccc(F)c2)n1,existing_2000_single_primary_amine,1,1
BB-0295,COC(=O)c1ccc(C)c(Br)c1N,COC(=O)c1ccc(C)c(Br)c1NC(=O)OC(C)(C)C,existing_2000_single_primary_amine,1,1
BB-0297,N[C@H]1CCc2c(Cl)cccc21,CC(C)(C)OC(=O)N[C@H]1CCc2c(Cl)cccc21,existing_2000_single_primary_amine,1,1
BB-0299,CC(O)C(C)(CN)Cc1ccc(F)cc1,CC(O)C(C)(CNC(=O)OC(C)(C)C)Cc1ccc(F)cc1,existing_2000_single_primary_amine,1,1
BB-0301,Cc1nc(N)c2cccc(Cl)c2n1,Cc1nc(NC(=O)OC(C)(C)C)c2cccc(Cl)c2n1,existing_2000_single_primary_amine,1,1
BB-0308,CC(C)c1nc2cc(CN)ccc2o1,CC(C)c1nc2cc(CNC(=O)OC(C)(C)C)ccc2o1,existing_2000_single_primary_amine,1,1
BB-0311,Cc1cc2nccc(N)n2n1,Cc1cc2nccc(NC(=O)OC(C)(C)C)n2n1,existing_2000_single_primary_amine,1,1
BB-0316,N[C@H](CC(=O)O)Cc1ccccc1Br,CC(C)(C)OC(=O)N[C@H](CC(=O)O)Cc1ccccc1Br,existing_2000_single_primary_amine,1,1
BB-0317,Cc1c(Br)c(C(=O)NN)nn1C,Cc1c(Br)c(C(=O)NNC(=O)OC(C)(C)C)nn1C,existing_2000_single_primary_amine,1,1
BB-0319,NCCc1nnc2ccccn12,CC(C)(C)OC(=O)NCCc1nnc2ccccn12,existing_2000_single_primary_amine,1,1
BB-0323,C[C@@]1(CN)COC[C@@H]2CCCN21,CC(C)(C)OC(=O)NC[C@]1(C)COC[C@@H]2CCCN21,existing_2000_single_primary_amine,1,1
BB-0324,CCOC(=O)c1sc2ncc(C(=O)OC)cc2c1N,CCOC(=O)c1sc2ncc(C(=O)OC)cc2c1NC(=O)OC(C)(C)C,existing_2000_single_primary_amine,1,1
BB-0328,COCC[C@@H]1C[C@H]1N,COCC[C@@H]1C[C@H]1NC(=O)OC(C)(C)C,existing_2000_single_primary_amine,1,1
BB-0334,CCOC(=O)c1cnn2c(-c3cccc(N)c3)ccnc12,CCOC(=O)c1cnn2c(-c3cccc(NC(=O)OC(C)(C)C)c3)ccnc12,existing_2000_single_primary_amine,1,1
BB-0336,Nc1cc(-n2cnnn2)ccc1Cl,CC(C)(C)OC(=O)Nc1cc(-n2cnnn2)ccc1Cl,existing_2000_single_primary_amine,1,1
BB-0344,COC(=O)C[C@H](N)c1cc([N+](=O)[O-])ccc1F,COC(=O)C[C@H](NC(=O)OC(C)(C)C)c1cc([N+](=O)[O-])ccc1F,existing_2000_single_primary_amine,1,1
BB-0346,CC(C)CC(N)c1nnc2ccccn12,CC(C)CC(NC(=O)OC(C)(C)C)c1nnc2ccccn12,existing_2000_single_primary_amine,1,1
BB-0348,CC(=O)c1cc(C(N)C(=O)O)ccc1O,CC(=O)c1cc(C(NC(=O)OC(C)(C)C)C(=O)O)ccc1O,existing_2000_single_primary_amine,1,1
BB-0350,Nc1nnc2[nH]cnn12,CC(C)(C)OC(=O)Nc1nnc2[nH]cnn12,existing_2000_single_primary_amine,1,1
BB-0353,NC1C2CCOC2C12CCC2,CC(C)(C)OC(=O)NC1C2CCOC2C12CCC2,existing_2000_single_primary_amine,1,1
BB-0373,Cn1ccc(CC(N)C(=O)O)n1,Cn1ccc(CC(NC(=O)OC(C)(C)C)C(=O)O)n1,existing_2000_single_primary_amine,1,1
BB-0374,Cc1cc(C)c(CN)c(=O)[nH]1,Cc1cc(C)c(CNC(=O)OC(C)(C)C)c(=O)[nH]1,existing_2000_single_primary_amine,1,1
BB-0376,Nc1ccc2c(c1)CCCC2=O,CC(C)(C)OC(=O)Nc1ccc2c(c1)CCCC2=O,existing_2000_single_primary_amine,1,1
BB-0387,Nc1c2c(nn1-c1ccccc1)COC2,CC(C)(C)OC(=O)Nc1c2c(nn1-c1ccccc1)COC2,existing_2000_single_primary_amine,1,1
BB-0389,NCC(F)(F)C1CC1,CC(C)(C)OC(=O)NCC(F)(F)C1CC1,existing_2000_single_primary_amine,1,1
BB-0390,Nc1ccc2[nH]c(=O)[nH]c2c1,CC(C)(C)OC(=O)Nc1ccc2[nH]c(=O)[nH]c2c1,existing_2000_single_primary_amine,1,1
BB-0399,Cn1nnc(N)n1,Cn1nnc(NC(=O)OC(C)(C)C)n1,existing_2000_single_primary_amine,1,1
BB-0402,NC(=O)N1CCCc2c(N)cccc21,CC(C)(C)OC(=O)Nc1cccc2c1CCCN2C(N)=O,existing_2000_single_primary_amine,1,1
BB-0413,COc1ccc(N)cc1-n1nnnc1C,COc1ccc(NC(=O)OC(C)(C)C)cc1-n1nnnc1C,existing_2000_single_primary_amine,1,1
BB-0417,Nc1cc2cccc(Br)c2cn1,CC(C)(C)OC(=O)Nc1cc2cccc(Br)c2cn1,existing_2000_single_primary_amine,1,1
BB-0425,Nc1[nH]ncc1C=O,CC(C)(C)OC(=O)Nc1[nH]ncc1C=O,existing_2000_single_primary_amine,1,1
BB-0428,Cc1cc(N2CCC(N)CC2)[nH]n1,Cc1cc(N2CCC(NC(=O)OC(C)(C)C)CC2)[nH]n1,existing_2000_single_primary_amine,1,1
BB-0430,CC(C)(C)OC(=O)c1cccc(N)c1Cl,CC(C)(C)OC(=O)Nc1cccc(C(=O)OC(C)(C)C)c1Cl,existing_2000_single_primary_amine,1,1
BB-0431,NC1CCCc2cc(C(=O)O)ccc21,CC(C)(C)OC(=O)NC1CCCc2cc(C(=O)O)ccc21,existing_2000_single_primary_amine,1,1
BB-0434,CC(C)(C)CC1CC1N,CC(C)(C)CC1CC1NC(=O)OC(C)(C)C,existing_2000_single_primary_amine,1,1
BB-0435,NCc1noc2cc(F)ccc12,CC(C)(C)OC(=O)NCc1noc2cc(F)ccc12,existing_2000_single_primary_amine,1,1
BB-0439,CC(C)(C)OC(=O)N[C@@H](CN)C(=O)O,CC(C)(C)OC(=O)NC[C@H](NC(=O)OC(C)(C)C)C(=O)O,existing_2000_single_primary_amine,1,1
BB-0443,Nc1cncc(I)c1O,CC(C)(C)OC(=O)Nc1cncc(I)c1O,existing_2000_single_primary_amine,1,1
BB-0445,NCC12COCC(C(F)F)(C1)C2,CC(C)(C)OC(=O)NCC12COCC(C(F)F)(C1)C2,existing_2000_single_primary_amine,1,1
BB-0446,CC(CN)Cc1cn[nH]c1,CC(CNC(=O)OC(C)(C)C)Cc1cn[nH]c1,existing_2000_single_primary_amine,1,1
BB-0454,Cc1ccc(C(C)N)cc1[N+](=O)[O-],Cc1ccc(C(C)NC(=O)OC(C)(C)C)cc1[N+](=O)[O-],existing_2000_single_primary_amine,1,1
BB-0457,NC1(c2nc(C3CCOCC3)no2)CCOCC1,CC(C)(C)OC(=O)NC1(c2nc(C3CCOCC3)no2)CCOCC1,existing_2000_single_primary_amine,1,1
BB-0466,CSCC1(CN)CC(F)(F)C1,CSCC1(CNC(=O)OC(C)(C)C)CC(F)(F)C1,existing_2000_single_primary_amine,1,1
BB-0470,Cc1nc(N2CC[C@@H](N)C2)c(Cl)cc1C#N,Cc1nc(N2CC[C@@H](NC(=O)OC(C)(C)C)C2)c(Cl)cc1C#N,existing_2000_single_primary_amine,1,1
BB-0471,CC(C)COc1ccc(C(C)(C)CN)cc1,CC(C)COc1ccc(C(C)(C)CNC(=O)OC(C)(C)C)cc1,existing_2000_single_primary_amine,1,1
BB-0479,CCCc1ccc(C(=O)O)cc1N,CCCc1ccc(C(=O)O)cc1NC(=O)OC(C)(C)C,existing_2000_single_primary_amine,1,1
BB-0482,COC(=O)c1ccc(CCN)c(Cl)c1,COC(=O)c1ccc(CCNC(=O)OC(C)(C)C)c(Cl)c1,existing_2000_single_primary_amine,1,1
BB-0484,CCOC(=O)c1c(C)oc(N)c1C#N,CCOC(=O)c1c(C)oc(NC(=O)OC(C)(C)C)c1C#N,existing_2000_single_primary_amine,1,1
BB-0490,CNS(=O)(=O)c1ccccc1CN,CNS(=O)(=O)c1ccccc1CNC(=O)OC(C)(C)C,existing_2000_single_primary_amine,1,1
BB-0505,CCOC(=O)c1cnc2ncnn2c1N,CCOC(=O)c1cnc2ncnn2c1NC(=O)OC(C)(C)C,existing_2000_single_primary_amine,1,1
BB-0506,Cc1ccc(-c2cccc(Cl)c2)cc1N,Cc1ccc(-c2cccc(Cl)c2)cc1NC(=O)OC(C)(C)C,existing_2000_single_primary_amine,1,1
BB-0508,CC(C)(C)C(N)c1cccc(C(=O)O)c1,CC(C)(C)OC(=O)NC(c1cccc(C(=O)O)c1)C(C)(C)C,existing_2000_single_primary_amine,1,1
BB-0515,Nc1nccc2cnccc12,CC(C)(C)OC(=O)Nc1nccc2cnccc12,existing_2000_single_primary_amine,1,1
BB-0516,CCOc1ccc2c(c1)C(N)CCO2,CCOc1ccc2c(c1)C(NC(=O)OC(C)(C)C)CCO2,existing_2000_single_primary_amine,1,1
BB-0519,CC(C)(C)OC(=O)c1cc(N)cc(F)c1,CC(C)(C)OC(=O)Nc1cc(F)cc(C(=O)OC(C)(C)C)c1,existing_2000_single_primary_amine,1,1
BB-0520,NCC1(c2cccc(C(F)(F)F)c2)CCCC1,CC(C)(C)OC(=O)NCC1(c2cccc(C(F)(F)F)c2)CCCC1,existing_2000_single_primary_amine,1,1
BB-0523,Cn1c(=O)c2c(nc(NCCN)n2Cc2ccc(Cl)cc2Cl)n(C)c1=O,Cn1c(=O)c2c(nc(NCCNC(=O)OC(C)(C)C)n2Cc2ccc(Cl)cc2Cl)n(C)c1=O,existing_2000_single_primary_amine,1,1
BB-0531,NCC(=O)NCCc1ccccc1,CC(C)(C)OC(=O)NCC(=O)NCCc1ccccc1,existing_2000_single_primary_amine,1,1
BB-0533,N[C@H]1C[C@H]2CCCC[C@H]2C1,CC(C)(C)OC(=O)N[C@H]1C[C@H]2CCCC[C@H]2C1,existing_2000_single_primary_amine,1,1
BB-0535,COc1cc(CCN)cc(OC)c1C,COc1cc(CCNC(=O)OC(C)(C)C)cc(OC)c1C,existing_2000_single_primary_amine,1,1
BB-0538,N[C@@H](Cc1ccc([N+](=O)[O-])cc1)C(=O)O,CC(C)(C)OC(=O)N[C@@H](Cc1ccc([N+](=O)[O-])cc1)C(=O)O,existing_2000_single_primary_amine,1,1
BB-0545,Nc1cnn(CCN2CCNC2=O)c1,CC(C)(C)OC(=O)Nc1cnn(CCN2CCNC2=O)c1,existing_2000_single_primary_amine,1,1
BB-0556,Cc1cc(Cl)ccc1CCN,Cc1cc(Cl)ccc1CCNC(=O)OC(C)(C)C,existing_2000_single_primary_amine,1,1
BB-0557,Cc1ccnc(C(N)C2CC2)n1,Cc1ccnc(C(NC(=O)OC(C)(C)C)C2CC2)n1,existing_2000_single_primary_amine,1,1
BB-0558,NC1CCCN(c2ccc(Cl)cc2Cl)C1=O,CC(C)(C)OC(=O)NC1CCCN(c2ccc(Cl)cc2Cl)C1=O,existing_2000_single_primary_amine,1,1
BB-0559,Nc1cc(C(F)(F)F)ncc1Br,CC(C)(C)OC(=O)Nc1cc(C(F)(F)F)ncc1Br,existing_2000_single_primary_amine,1,1
BB-0563,NS(=O)(=O)c1ccc(NC(=O)C2CC2)cc1,CC(C)(C)OC(=O)NS(=O)(=O)c1ccc(NC(=O)C2CC2)cc1,existing_2000_single_primary_amine,1,1
BB-0567,CC(C)(C)OC(=O)Nc1ccc(O)c(N)c1,CC(C)(C)OC(=O)Nc1ccc(O)c(NC(=O)OC(C)(C)C)c1,existing_2000_single_primary_amine,1,1
BB-0568,COC(=O)C1(CN)CC1S(C)(=O)=O,COC(=O)C1(CNC(=O)OC(C)(C)C)CC1S(C)(=O)=O,existing_2000_single_primary_amine,1,1
BB-0570,NC(=O)C(N)Cc1cccc(F)c1,CC(C)(C)OC(=O)NC(Cc1cccc(F)c1)C(N)=O,existing_2000_single_primary_amine,1,1
BB-0572,COc1ccc(C(F)(F)F)cc1N,COc1ccc(C(F)(F)F)cc1NC(=O)OC(C)(C)C,existing_2000_single_primary_amine,1,1
BB-0575,CC1CN(C(=O)c2n[nH]cc2N)CCCO1,CC1CN(C(=O)c2n[nH]cc2NC(=O)OC(C)(C)C)CCCO1,existing_2000_single_primary_amine,1,1
BB-0576,CNC(=O)C(N)CC1CCCCC1,CNC(=O)C(CC1CCCCC1)NC(=O)OC(C)(C)C,existing_2000_single_primary_amine,1,1
BB-0577,CC(N)C(=O)Nc1cc(C(F)(F)F)n[nH]1,CC(NC(=O)OC(C)(C)C)C(=O)Nc1cc(C(F)(F)F)n[nH]1,existing_2000_single_primary_amine,1,1
BB-0596,Cc1cccc(N)c1C(N)=O,Cc1cccc(NC(=O)OC(C)(C)C)c1C(N)=O,existing_2000_single_primary_amine,1,1
BB-0599,CC1CN(Cc2ccccc2CN)CC(C)O1,CC1CN(Cc2ccccc2CNC(=O)OC(C)(C)C)CC(C)O1,existing_2000_single_primary_amine,1,1
BB-0600,CC(C)(C)c1ccc(OCCCN)cc1,CC(C)(C)OC(=O)NCCCOc1ccc(C(C)(C)C)cc1,existing_2000_single_primary_amine,1,1
BB-0601,COC(=O)[C@H](N)Cc1c[nH]c2ccccc12,COC(=O)[C@@H](Cc1c[nH]c2ccccc12)NC(=O)OC(C)(C)C,existing_2000_single_primary_amine,1,1
BB-0607,CCn1cc([C@@H]2NC(=O)CC[C@H]2N)cn1,CCn1cc([C@@H]2NC(=O)CC[C@H]2NC(=O)OC(C)(C)C)cn1,existing_2000_single_primary_amine,1,1
BB-0613,CC(C)(C)OC(=O)NCc1cc(N)cc(C(F)(F)F)c1,CC(C)(C)OC(=O)NCc1cc(NC(=O)OC(C)(C)C)cc(C(F)(F)F)c1,existing_2000_single_primary_amine,1,1
BB-0615,COCC(=O)NN,COCC(=O)NNC(=O)OC(C)(C)C,existing_2000_single_primary_amine,1,1
BB-0617,NCc1ccc(-c2cccc(F)c2)o1,CC(C)(C)OC(=O)NCc1ccc(-c2cccc(F)c2)o1,existing_2000_single_primary_amine,1,1
BB-0618,CCCc1ccc(N)c(C(=O)O)c1,CCCc1ccc(NC(=O)OC(C)(C)C)c(C(=O)O)c1,existing_2000_single_primary_amine,1,1
BB-0619,NCCN1Cc2ncsc2C1,CC(C)(C)OC(=O)NCCN1Cc2ncsc2C1,existing_2000_single_primary_amine,1,1
BB-0621,Nc1ccnc(F)c1Br,CC(C)(C)OC(=O)Nc1ccnc(F)c1Br,existing_2000_single_primary_amine,1,1
BB-0622,CC1(C)Oc2cc(Br)c(CN)cc2O1,CC(C)(C)OC(=O)NCc1cc2c(cc1Br)OC(C)(C)O2,existing_2000_single_primary_amine,1,1
BB-0630,COC(=O)C[C@H](N)c1ccnc(O)c1,COC(=O)C[C@H](NC(=O)OC(C)(C)C)c1ccnc(O)c1,existing_2000_single_primary_amine,1,1
BB-0647,NCc1cc(Br)cc2cccnc12,CC(C)(C)OC(=O)NCc1cc(Br)cc2cccnc12,existing_2000_single_primary_amine,1,1
BB-0648,NS(=O)(=O)C1c2ccccc2-c2ccccc21,CC(C)(C)OC(=O)NS(=O)(=O)C1c2ccccc2-c2ccccc21,existing_2000_single_primary_amine,1,1
BB-0650,CC(C)(C)OC(=O)N1CC(c2nnc(N)o2)C1,CC(C)(C)OC(=O)Nc1nnc(C2CN(C(=O)OC(C)(C)C)C2)o1,existing_2000_single_primary_amine,1,1
BB-0664,COC(=O)Cc1nnc(CN)s1,COC(=O)Cc1nnc(CNC(=O)OC(C)(C)C)s1,existing_2000_single_primary_amine,1,1
BB-0668,Nc1nc(-c2ccc3c(c2)-c2ccccc2C3)cs1,CC(C)(C)OC(=O)Nc1nc(-c2ccc3c(c2)-c2ccccc2C3)cs1,existing_2000_single_primary_amine,1,1
BB-0672,NCc1ncc(I)s1,CC(C)(C)OC(=O)NCc1ncc(I)s1,existing_2000_single_primary_amine,1,1
BB-0678,CO[C@H]1C[C@@H](CN)N(c2cc(C)ncn2)C1,CO[C@H]1C[C@@H](CNC(=O)OC(C)(C)C)N(c2cc(C)ncn2)C1,existing_2000_single_primary_amine,1,1
BB-0682,CSc1nn(C)c(N)c1C#N,CSc1nn(C)c(NC(=O)OC(C)(C)C)c1C#N,existing_2000_single_primary_amine,1,1
BB-0688,Cc1ccccc1-c1cc(N)n(Cc2ccccc2)n1,Cc1ccccc1-c1cc(NC(=O)OC(C)(C)C)n(Cc2ccccc2)n1,existing_2000_single_primary_amine,1,1
BB-0701,NC1CC1Cc1ccccc1C(F)(F)F,CC(C)(C)OC(=O)NC1CC1Cc1ccccc1C(F)(F)F,existing_2000_single_primary_amine,1,1
BB-0703,CC(C)Oc1ncc(N)cc1Cl,CC(C)Oc1ncc(NC(=O)OC(C)(C)C)cc1Cl,existing_2000_single_primary_amine,1,1
BB-0705,NN=C(C(=O)c1ccccc1)c1ccccc1,CC(C)(C)OC(=O)NN=C(C(=O)c1ccccc1)c1ccccc1,existing_2000_single_primary_amine,1,1
BB-0714,NC(=O)c1ncn(C2CCNCC2)c1N,CC(C)(C)OC(=O)Nc1c(C(N)=O)ncn1C1CCNCC1,existing_2000_single_primary_amine,1,1
BB-0717,COc1ccc(NCC2CC2)c(N)c1,COc1ccc(NCC2CC2)c(NC(=O)OC(C)(C)C)c1,existing_2000_single_primary_amine,1,1
BB-0722,Cc1ccc(Cl)nc1N,Cc1ccc(Cl)nc1NC(=O)OC(C)(C)C,existing_2000_single_primary_amine,1,1
BB-0727,CC(C)(N)C(=O)Nc1ccccc1,CC(C)(C)OC(=O)NC(C)(C)C(=O)Nc1ccccc1,existing_2000_single_primary_amine,1,1
BB-0730,CC(O)C(N)c1ccccc1F,CC(O)C(NC(=O)OC(C)(C)C)c1ccccc1F,existing_2000_single_primary_amine,1,1
BB-0733,CC(C)CC1(CN)N=N1,CC(C)CC1(CNC(=O)OC(C)(C)C)N=N1,existing_2000_single_primary_amine,1,1
BB-0734,NC1CCOc2ncc(C(=O)O)cc21,CC(C)(C)OC(=O)NC1CCOc2ncc(C(=O)O)cc21,existing_2000_single_primary_amine,1,1
BB-0735,Nc1ccc(Cn2cc(Br)cn2)cc1,CC(C)(C)OC(=O)Nc1ccc(Cn2cc(Br)cn2)cc1,existing_2000_single_primary_amine,1,1
BB-0737,NCC(O)C(=O)O,CC(C)(C)OC(=O)NCC(O)C(=O)O,existing_2000_single_primary_amine,1,1
BB-0741,Cc1cc(C)c(S(N)(=O)=O)cc1Br,Cc1cc(C)c(S(=O)(=O)NC(=O)OC(C)(C)C)cc1Br,existing_2000_single_primary_amine,1,1
BB-0750,COc1cc(Cl)ccc1C(N)CO,COc1cc(Cl)ccc1C(CO)NC(=O)OC(C)(C)C,existing_2000_single_primary_amine,1,1
BB-0754,NC(CC(=O)O)c1ccncc1,CC(C)(C)OC(=O)NC(CC(=O)O)c1ccncc1,existing_2000_single_primary_amine,1,1
BB-0759,Cc1nn(C)c(N2CCC2)c1N,Cc1nn(C)c(N2CCC2)c1NC(=O)OC(C)(C)C,existing_2000_single_primary_amine,1,1
BB-0763,CC(C)(CN)c1cc[nH]c(=O)c1,CC(C)(C)OC(=O)NCC(C)(C)c1cc[nH]c(=O)c1,existing_2000_single_primary_amine,1,1
BB-0765,NC(CC(=O)O)Cc1ccc([N+](=O)[O-])cc1,CC(C)(C)OC(=O)NC(CC(=O)O)Cc1ccc([N+](=O)[O-])cc1,existing_2000_single_primary_amine,1,1
BB-0768,NC(CC(=O)O)c1cccc(I)c1,CC(C)(C)OC(=O)NC(CC(=O)O)c1cccc(I)c1,existing_2000_single_primary_amine,1,1
BB-0771,CC(N)CSCc1ccccc1,CC(CSCc1ccccc1)NC(=O)OC(C)(C)C,existing_2000_single_primary_amine,1,1
BB-0772,Cc1c(N)c(C(N)=O)nn1C,Cc1c(NC(=O)OC(C)(C)C)c(C(N)=O)nn1C,existing_2000_single_primary_amine,1,1
BB-0774,COCCNC(=O)c1c(N)sc2c1CCCC2,COCCNC(=O)c1c(NC(=O)OC(C)(C)C)sc2c1CCCC2,existing_2000_single_primary_amine,1,1
BB-0776,Nc1ccc(Br)cc1C(=O)c1ccc(F)cc1,CC(C)(C)OC(=O)Nc1ccc(Br)cc1C(=O)c1ccc(F)cc1,existing_2000_single_primary_amine,1,1
BB-0777,Nc1nc(-c2sccc2F)cs1,CC(C)(C)OC(=O)Nc1nc(-c2sccc2F)cs1,existing_2000_single_primary_amine,1,1
BB-0780,NS(=O)(=O)c1cc(F)cc(F)c1,CC(C)(C)OC(=O)NS(=O)(=O)c1cc(F)cc(F)c1,existing_2000_single_primary_amine,1,1
BB-0787,NCc1cccc(Br)c1Cl,CC(C)(C)OC(=O)NCc1cccc(Br)c1Cl,existing_2000_single_primary_amine,1,1
BB-0791,Nc1ccc(F)cc1N1CCCC1=O,CC(C)(C)OC(=O)Nc1ccc(F)cc1N1CCCC1=O,existing_2000_single_primary_amine,1,1
BB-0795,NCC12CC3CC(C1)CC(C(F)(F)F)(C3)C2,CC(C)(C)OC(=O)NCC12CC3CC(C1)CC(C(F)(F)F)(C3)C2,existing_2000_single_primary_amine,1,1
BB-0797,COC(=O)C[C@H](N)Cc1cccc(F)c1,COC(=O)C[C@@H](Cc1cccc(F)c1)NC(=O)OC(C)(C)C,existing_2000_single_primary_amine,1,1
BB-0798,CC(C)(C)OC(=O)N[C@H]1c2ccccc2C[C@@H]1N,CC(C)(C)OC(=O)N[C@H]1Cc2ccccc2[C@@H]1NC(=O)OC(C)(C)C,existing_2000_single_primary_amine,1,1
BB-0802,COC(C(C)N)C1CC1,COC(C1CC1)C(C)NC(=O)OC(C)(C)C,existing_2000_single_primary_amine,1,1
BB-0804,Nc1oc2ccc(F)cc2c(=O)c1C=O,CC(C)(C)OC(=O)Nc1oc2ccc(F)cc2c(=O)c1C=O,existing_2000_single_primary_amine,1,1
BB-0806,COC(=O)c1c(N)c(C#N)c2n1CCOC2,COC(=O)c1c(NC(=O)OC(C)(C)C)c(C#N)c2n1CCOC2,existing_2000_single_primary_amine,1,1
BB-0812,Cc1ccc(C)c(-c2cc(C)c(N)cc2Cl)c1,Cc1ccc(C)c(-c2cc(C)c(NC(=O)OC(C)(C)C)cc2Cl)c1,existing_2000_single_primary_amine,1,1
BB-0813,CC(C)(C)OC(=O)N1CCC(Nc2ccccc2N)C1,CC(C)(C)OC(=O)Nc1ccccc1NC1CCN(C(=O)OC(C)(C)C)C1,existing_2000_single_primary_amine,1,1
BB-0814,COc1ccc(O)c(C(C)N)c1,COc1ccc(O)c(C(C)NC(=O)OC(C)(C)C)c1,existing_2000_single_primary_amine,1,1
BB-0816,NCc1nnn(-c2ccc(Cl)c(C(F)(F)F)c2)n1,CC(C)(C)OC(=O)NCc1nnn(-c2ccc(Cl)c(C(F)(F)F)c2)n1,existing_2000_single_primary_amine,1,1
BB-0817,N#Cc1ccc(N2CCCC(N)C2=O)cc1,CC(C)(C)OC(=O)NC1CCCN(c2ccc(C#N)cc2)C1=O,existing_2000_single_primary_amine,1,1
BB-0818,CC(C)(N)COc1ccc(C(F)(F)F)cn1,CC(C)(COc1ccc(C(F)(F)F)cn1)NC(=O)OC(C)(C)C,existing_2000_single_primary_amine,1,1
BB-0820,NCc1ccc(C2CCOCC2)cc1,CC(C)(C)OC(=O)NCc1ccc(C2CCOCC2)cc1,existing_2000_single_primary_amine,1,1
BB-0822,CC(=O)Nc1ccc(C)cc1N,CC(=O)Nc1ccc(C)cc1NC(=O)OC(C)(C)C,existing_2000_single_primary_amine,1,1
BB-0823,Nc1cccc2c1CN(CC(F)(F)F)C2,CC(C)(C)OC(=O)Nc1cccc2c1CN(CC(F)(F)F)C2,existing_2000_single_primary_amine,1,1
BB-0831,Nc1nccn(C2CC2)c1=O,CC(C)(C)OC(=O)Nc1nccn(C2CC2)c1=O,existing_2000_single_primary_amine,1,1
BB-0832,CC(C)C(=O)c1cnccc1N,CC(C)C(=O)c1cnccc1NC(=O)OC(C)(C)C,existing_2000_single_primary_amine,1,1
BB-0834,Cc1ccc(Br)cc1NC(=O)CN,Cc1ccc(Br)cc1NC(=O)CNC(=O)OC(C)(C)C,existing_2000_single_primary_amine,1,1
BB-0838,CCCn1c(N)nc2ccccc21,CCCn1c(NC(=O)OC(C)(C)C)nc2ccccc21,existing_2000_single_primary_amine,1,1
BB-0846,CC(C)Cn1c(N)c(C(=O)CCl)c(=O)[nH]c1=O,CC(C)Cn1c(NC(=O)OC(C)(C)C)c(C(=O)CCl)c(=O)[nH]c1=O,existing_2000_single_primary_amine,1,1
BB-0853,COc1ccc2c(c1)C(N)C(OC)CC2,COc1ccc2c(c1)C(NC(=O)OC(C)(C)C)C(OC)CC2,existing_2000_single_primary_amine,1,1
BB-0856,COc1ccc(C(N)C(F)F)cc1F,COc1ccc(C(NC(=O)OC(C)(C)C)C(F)F)cc1F,existing_2000_single_primary_amine,1,1
BB-0858,CC(F)(F)c1nnc(N)o1,CC(C)(C)OC(=O)Nc1nnc(C(C)(F)F)o1,existing_2000_single_primary_amine,1,1
BB-0860,CC(C)Cc1nn(C)c(C(N)=O)c1N,CC(C)Cc1nn(C)c(C(N)=O)c1NC(=O)OC(C)(C)C,existing_2000_single_primary_amine,1,1
BB-0873,COCc1noc(C2(N)CCOCC2)n1,COCc1noc(C2(NC(=O)OC(C)(C)C)CCOCC2)n1,existing_2000_single_primary_amine,1,1
BB-0880,NC1CCOCc2c(Br)cncc21,CC(C)(C)OC(=O)NC1CCOCc2c(Br)cncc21,existing_2000_single_primary_amine,1,1
BB-0881,Cc1cc(Cl)cc(C#N)c1N,Cc1cc(Cl)cc(C#N)c1NC(=O)OC(C)(C)C,existing_2000_single_primary_amine,1,1
BB-0882,CCCc1ccc(N)c(C#N)c1,CCCc1ccc(NC(=O)OC(C)(C)C)c(C#N)c1,existing_2000_single_primary_amine,1,1
BB-0884,Cc1cccc(C(N)CCO)c1,Cc1cccc(C(CCO)NC(=O)OC(C)(C)C)c1,existing_2000_single_primary_amine,1,1
BB-0885,Cc1ccc(-c2cnccn2)cc1N,Cc1ccc(-c2cnccn2)cc1NC(=O)OC(C)(C)C,existing_2000_single_primary_amine,1,1
BB-0887,Nc1ncn(-c2ccncc2)n1,CC(C)(C)OC(=O)Nc1ncn(-c2ccncc2)n1,existing_2000_single_primary_amine,1,1
BB-0892,CC(C)(CO)C(CN)c1ccccc1,CC(C)(C)OC(=O)NCC(c1ccccc1)C(C)(C)CO,existing_2000_single_primary_amine,1,1
BB-0896,Nc1cc2c(cn1)OCC2,CC(C)(C)OC(=O)Nc1cc2c(cn1)OCC2,existing_2000_single_primary_amine,1,1
BB-0902,Cc1cccc(N2CCN(CCCN)CC2)c1,Cc1cccc(N2CCN(CCCNC(=O)OC(C)(C)C)CC2)c1,existing_2000_single_primary_amine,1,1
BB-0903,COc1nc(Br)c(F)cc1N,COc1nc(Br)c(F)cc1NC(=O)OC(C)(C)C,existing_2000_single_primary_amine,1,1
BB-0906,CP(C)(=O)c1ncccc1CN,CC(C)(C)OC(=O)NCc1cccnc1P(C)(C)=O,existing_2000_single_primary_amine,1,1
BB-0908,Nc1c(Cl)nnc(Cl)c1[N+](=O)[O-],CC(C)(C)OC(=O)Nc1c(Cl)nnc(Cl)c1[N+](=O)[O-],existing_2000_single_primary_amine,1,1
BB-0917,N[C@]1(C(F)(F)F)CC[C@H](C(=O)O)CC1,CC(C)(C)OC(=O)N[C@]1(C(F)(F)F)CC[C@H](C(=O)O)CC1,existing_2000_single_primary_amine,1,1
BB-0919,Nc1cc2ccccc2nc1Cl,CC(C)(C)OC(=O)Nc1cc2ccccc2nc1Cl,existing_2000_single_primary_amine,1,1
BB-0920,C[C@](N)(CO)c1ccccc1,CC(C)(C)OC(=O)N[C@@](C)(CO)c1ccccc1,existing_2000_single_primary_amine,1,1
BB-0921,NC1CCCN(c2ccccc2F)C1=O,CC(C)(C)OC(=O)NC1CCCN(c2ccccc2F)C1=O,existing_2000_single_primary_amine,1,1
BB-0925,Nc1cncc(-c2cnn(C3CCCCO3)c2)c1,CC(C)(C)OC(=O)Nc1cncc(-c2cnn(C3CCCCO3)c2)c1,existing_2000_single_primary_amine,1,1
BB-0926,CC(C)(C)OC(=O)N1CCc2ccnc(N)c2C1,CC(C)(C)OC(=O)Nc1nccc2c1CN(C(=O)OC(C)(C)C)CC2,existing_2000_single_primary_amine,1,1
BB-0929,C[C@H]1C[C@]1(C)N,C[C@H]1C[C@]1(C)NC(=O)OC(C)(C)C,existing_2000_single_primary_amine,1,1
BB-0931,Cc1cc(N)c(C)nn1,Cc1cc(NC(=O)OC(C)(C)C)c(C)nn1,existing_2000_single_primary_amine,1,1
BB-0932,C[C@H]1CN(C)C[C@@H](C(=O)NN)O1,C[C@H]1CN(C)C[C@@H](C(=O)NNC(=O)OC(C)(C)C)O1,existing_2000_single_primary_amine,1,1
BB-0936,NC1CCCN(CCCO)C1,CC(C)(C)OC(=O)NC1CCCN(CCCO)C1,existing_2000_single_primary_amine,1,1
BB-0942,NCCC1=CCCCC1,CC(C)(C)OC(=O)NCCC1=CCCCC1,existing_2000_single_primary_amine,1,1
BB-0943,CC(N)C#CC(=O)O,CC(C#CC(=O)O)NC(=O)OC(C)(C)C,existing_2000_single_primary_amine,1,1
BB-0951,COCCn1nc(C)c(N)c1C,COCCn1nc(C)c(NC(=O)OC(C)(C)C)c1C,existing_2000_single_primary_amine,1,1
BB-0953,C#CC(O)CN,C#CC(O)CNC(=O)OC(C)(C)C,existing_2000_single_primary_amine,1,1
BB-0956,NCC1CC=C(C(=O)O)CC1,CC(C)(C)OC(=O)NCC1CC=C(C(=O)O)CC1,existing_2000_single_primary_amine,1,1
BB-0960,COc1ccc(Br)cc1C(N)CO,COc1ccc(Br)cc1C(CO)NC(=O)OC(C)(C)C,existing_2000_single_primary_amine,1,1
BB-0963,COC(=O)c1nc(Br)cnc1N,COC(=O)c1nc(Br)cnc1NC(=O)OC(C)(C)C,existing_2000_single_primary_amine,1,1
BB-0969,CC(C)(C)OC(=O)NC[C@@H]1C[C@H]1N,CC(C)(C)OC(=O)NC[C@@H]1C[C@H]1NC(=O)OC(C)(C)C,existing_2000_single_primary_amine,1,1
BB-0978,COc1ccc(C(F)F)cc1S(N)(=O)=O,COc1ccc(C(F)F)cc1S(=O)(=O)NC(=O)OC(C)(C)C,existing_2000_single_primary_amine,1,1
BB-0979,CCC(CN)Cc1cccc(Br)c1,CCC(CNC(=O)OC(C)(C)C)Cc1cccc(Br)c1,existing_2000_single_primary_amine,1,1
BB-0980,NNC(=O)c1ccccc1OCc1ccc(F)cc1,CC(C)(C)OC(=O)NNC(=O)c1ccccc1OCc1ccc(F)cc1,existing_2000_single_primary_amine,1,1
BB-0982,CCc1cc(N)cc(Cl)n1,CCc1cc(NC(=O)OC(C)(C)C)cc(Cl)n1,existing_2000_single_primary_amine,1,1
BB-0983,NC(C(=O)O)c1ccc2ccccc2c1,CC(C)(C)OC(=O)NC(C(=O)O)c1ccc2ccccc2c1,existing_2000_single_primary_amine,1,1
BB-0988,Cc1ccsc1C(N)Cc1ccccc1,Cc1ccsc1C(Cc1ccccc1)NC(=O)OC(C)(C)C,existing_2000_single_primary_amine,1,1
BB-0996,NCC1(c2ccccc2)CC(O)(C(F)(F)F)C1,CC(C)(C)OC(=O)NCC1(c2ccccc2)CC(O)(C(F)(F)F)C1,existing_2000_single_primary_amine,1,1
BB-1010,Nc1c(F)cc(F)c(F)c1I,CC(C)(C)OC(=O)Nc1c(F)cc(F)c(F)c1I,existing_2000_single_primary_amine,1,1
BB-1011,COC(=O)C1Cc2c(O)cccc2C1N,COC(=O)C1Cc2c(O)cccc2C1NC(=O)OC(C)(C)C,existing_2000_single_primary_amine,1,1
BB-1017,NCc1cc(F)ccc1N1CCOCC1,CC(C)(C)OC(=O)NCc1cc(F)ccc1N1CCOCC1,existing_2000_single_primary_amine,1,1
BB-1023,NCC(=O)c1ccc([N+](=O)[O-])cc1,CC(C)(C)OC(=O)NCC(=O)c1ccc([N+](=O)[O-])cc1,existing_2000_single_primary_amine,1,1
BB-1028,COc1ccc(-n2ncc(C(N)=O)c2N)cc1,COc1ccc(-n2ncc(C(N)=O)c2NC(=O)OC(C)(C)C)cc1,existing_2000_single_primary_amine,1,1
BB-1030,Cc1cc(N)cnc1Br,Cc1cc(NC(=O)OC(C)(C)C)cnc1Br,existing_2000_single_primary_amine,1,1
BB-1036,Cc1ccc(S(=O)(=O)Nc2ccc(N)cc2)cc1,Cc1ccc(S(=O)(=O)Nc2ccc(NC(=O)OC(C)(C)C)cc2)cc1,existing_2000_single_primary_amine,1,1
BB-1041,CCC1CCCC(CN)CC1,CCC1CCCC(CNC(=O)OC(C)(C)C)CC1,existing_2000_single_primary_amine,1,1
BB-1042,N#Cc1c(OCCCO)n[nH]c1N,CC(C)(C)OC(=O)Nc1[nH]nc(OCCCO)c1C#N,existing_2000_single_primary_amine,1,1
BB-1044,CCOC(=O)c1cn[nH]c1CN,CCOC(=O)c1cn[nH]c1CNC(=O)OC(C)(C)C,existing_2000_single_primary_amine,1,1
BB-1052,NC/C=C/C(F)F,CC(C)(C)OC(=O)NC/C=C/C(F)F,existing_2000_single_primary_amine,1,1
BB-1053,NC1COc2ccccc2C1,CC(C)(C)OC(=O)NC1COc2ccccc2C1,existing_2000_single_primary_amine,1,1
BB-1077,NCC1CN2CCCN1CC2,CC(C)(C)OC(=O)NCC1CN2CCCN1CC2,existing_2000_single_primary_amine,1,1
BB-1081,Cc1nnc(S(N)(=O)=O)s1,Cc1nnc(S(=O)(=O)NC(=O)OC(C)(C)C)s1,existing_2000_single_primary_amine,1,1
BB-1083,N[C@@H](CO)Cc1ccc([N+](=O)[O-])cc1,CC(C)(C)OC(=O)N[C@@H](CO)Cc1ccc([N+](=O)[O-])cc1,existing_2000_single_primary_amine,1,1
BB-1089,CCCCn1c(N)c(Br)c(=O)[nH]c1=O,CCCCn1c(NC(=O)OC(C)(C)C)c(Br)c(=O)[nH]c1=O,existing_2000_single_primary_amine,1,1
BB-1092,Nc1ccc(O)cc1,CC(C)(C)OC(=O)Nc1ccc(O)cc1,existing_2000_single_primary_amine,1,1
BB-1094,NC(Cc1ccc(O)c(O)c1)C(=O)O,CC(C)(C)OC(=O)NC(Cc1ccc(O)c(O)c1)C(=O)O,existing_2000_single_primary_amine,1,1
BB-1100,NC1CCc2cc(Br)ccc2NC1=O,CC(C)(C)OC(=O)NC1CCc2cc(Br)ccc2NC1=O,existing_2000_single_primary_amine,1,1
BB-1101,CCOC(=O)c1c(N)sc(C(C)=O)c1C,CCOC(=O)c1c(NC(=O)OC(C)(C)C)sc(C(C)=O)c1C,existing_2000_single_primary_amine,1,1
BB-1110,CC(CN)c1nc2ccccc2n1C(F)F,CC(CNC(=O)OC(C)(C)C)c1nc2ccccc2n1C(F)F,existing_2000_single_primary_amine,1,1
BB-1111,COC(=O)C(N)c1cc(Cl)cc(Br)c1,COC(=O)C(NC(=O)OC(C)(C)C)c1cc(Cl)cc(Br)c1,existing_2000_single_primary_amine,1,1
BB-1118,Cc1nc(N)ccc1-c1cnn(C)c1,Cc1nc(NC(=O)OC(C)(C)C)ccc1-c1cnn(C)c1,existing_2000_single_primary_amine,1,1
BB-1121,NCC#Cc1cc(Cl)cnc1F,CC(C)(C)OC(=O)NCC#Cc1cc(Cl)cnc1F,existing_2000_single_primary_amine,1,1
BB-1131,CCOC(=O)c1cc(Br)cc(CC)c1N,CCOC(=O)c1cc(Br)cc(CC)c1NC(=O)OC(C)(C)C,existing_2000_single_primary_amine,1,1
BB-1132,NC1(c2nccs2)CCCC1,CC(C)(C)OC(=O)NC1(c2nccs2)CCCC1,existing_2000_single_primary_amine,1,1
BB-1135,Cc1c(Br)ccc(NN)c1C,Cc1c(Br)ccc(NNC(=O)OC(C)(C)C)c1C,existing_2000_single_primary_amine,1,1
BB-1138,Nc1c2c(nn1-c1cccc(Cl)c1)CCC2,CC(C)(C)OC(=O)Nc1c2c(nn1-c1cccc(Cl)c1)CCC2,existing_2000_single_primary_amine,1,1
BB-1144,CC(C)(C)OC(=O)N[C@H]1C[C@H]2C[C@@H](N)C[C@H]2C1,CC(C)(C)OC(=O)N[C@H]1C[C@H]2C[C@@H](NC(=O)OC(C)(C)C)C[C@H]2C1,existing_2000_single_primary_amine,1,1
BB-1148,CCCC(N)C(=O)N(CC)C1CCCC1,CCCC(NC(=O)OC(C)(C)C)C(=O)N(CC)C1CCCC1,existing_2000_single_primary_amine,1,1
BB-1149,Cc1noc(C(N)C2CCOCC2)n1,Cc1noc(C(NC(=O)OC(C)(C)C)C2CCOCC2)n1,existing_2000_single_primary_amine,1,1
BB-1151,COc1cccc(C(N)CC(=O)O)c1,COc1cccc(C(CC(=O)O)NC(=O)OC(C)(C)C)c1,existing_2000_single_primary_amine,1,1
BB-1168,CC(C)(CN)CC1CCN(C(=O)OC(C)(C)C)CC1,CC(C)(CNC(=O)OC(C)(C)C)CC1CCN(C(=O)OC(C)(C)C)CC1,existing_2000_single_primary_amine,1,1
BB-1179,Nc1cc(F)c2c(c1)CCC(=O)N2,CC(C)(C)OC(=O)Nc1cc(F)c2c(c1)CCC(=O)N2,existing_2000_single_primary_amine,1,1
BB-1182,COc1cc(F)cc(CC(C)N)c1,COc1cc(F)cc(CC(C)NC(=O)OC(C)(C)C)c1,existing_2000_single_primary_amine,1,1
BB-1183,COc1cccc(S(C)(=O)=O)c1NN,COc1cccc(S(C)(=O)=O)c1NNC(=O)OC(C)(C)C,existing_2000_single_primary_amine,1,1
BB-1184,CC(NN)c1ccc(C(=O)O)cc1,CC(NNC(=O)OC(C)(C)C)c1ccc(C(=O)O)cc1,existing_2000_single_primary_amine,1,1
BB-1188,NC(Cn1cnc2ccccc21)C(=O)O,CC(C)(C)OC(=O)NC(Cn1cnc2ccccc21)C(=O)O,existing_2000_single_primary_amine,1,1
BB-1193,CCOc1ccc(Cl)cc1CCN,CCOc1ccc(Cl)cc1CCNC(=O)OC(C)(C)C,existing_2000_single_primary_amine,1,1
BB-1197,CC(C)(N)c1cn(CC2CC2)nn1,CC(C)(C)OC(=O)NC(C)(C)c1cn(CC2CC2)nn1,existing_2000_single_primary_amine,1,1
BB-1198,COC(=O)[C@@H]1C[C@H]1c1ccccc1N,COC(=O)[C@@H]1C[C@H]1c1ccccc1NC(=O)OC(C)(C)C,existing_2000_single_primary_amine,1,1
BB-1205,Nc1nccn1-c1ccccc1,CC(C)(C)OC(=O)Nc1nccn1-c1ccccc1,existing_2000_single_primary_amine,1,1
BB-1208,Cc1ncc(N)n1CC(F)(F)F,Cc1ncc(NC(=O)OC(C)(C)C)n1CC(F)(F)F,existing_2000_single_primary_amine,1,1
BB-1211,COc1cc(C)c(Cl)cc1N,COc1cc(C)c(Cl)cc1NC(=O)OC(C)(C)C,existing_2000_single_primary_amine,1,1
BB-1220,C[C@@]1(C(=O)O)C[C@H]2CC[C@@H]1C[C@H]2N,CC(C)(C)OC(=O)N[C@@H]1C[C@H]2CC[C@@H]1C[C@@]2(C)C(=O)O,existing_2000_single_primary_amine,1,1
BB-1223,Nc1c2c(nc3ccccc13)CCOC2,CC(C)(C)OC(=O)Nc1c2c(nc3ccccc13)CCOC2,existing_2000_single_primary_amine,1,1
BB-1233,Cc1cc(NS(=O)(=O)c2ccc(N)cc2)n(-c2ccccc2)n1,Cc1cc(NS(=O)(=O)c2ccc(NC(=O)OC(C)(C)C)cc2)n(-c2ccccc2)n1,existing_2000_single_primary_amine,1,1
BB-1237,NS(=O)(=O)c1cccc([N+](=O)[O-])c1O,CC(C)(C)OC(=O)NS(=O)(=O)c1cccc([N+](=O)[O-])c1O,existing_2000_single_primary_amine,1,1
BB-1240,NCc1c(F)ccc2[nH]cnc12,CC(C)(C)OC(=O)NCc1c(F)ccc2[nH]cnc12,existing_2000_single_primary_amine,1,1
BB-1247,NC12CCC(F)(CC1)C2,CC(C)(C)OC(=O)NC12CCC(F)(CC1)C2,existing_2000_single_primary_amine,1,1
BB-1248,CCCC(CN)C(=O)OCC,CCCC(CNC(=O)OC(C)(C)C)C(=O)OCC,existing_2000_single_primary_amine,1,1
BB-1253,Nc1cc(Cl)ccc1C(=O)C1CCCOC1,CC(C)(C)OC(=O)Nc1cc(Cl)ccc1C(=O)C1CCCOC1,existing_2000_single_primary_amine,1,1
BB-1262,Cc1c(Br)ccnc1NN,Cc1c(Br)ccnc1NNC(=O)OC(C)(C)C,existing_2000_single_primary_amine,1,1
BB-1265,Cc1nc(C(O)CN)cs1,Cc1nc(C(O)CNC(=O)OC(C)(C)C)cs1,existing_2000_single_primary_amine,1,1
BB-1270,NNc1cc(F)c(Cl)cc1Cl,CC(C)(C)OC(=O)NNc1cc(F)c(Cl)cc1Cl,existing_2000_single_primary_amine,1,1
BB-1271,NNC(=O)c1ccn(COc2ccc(Br)cc2)n1,CC(C)(C)OC(=O)NNC(=O)c1ccn(COc2ccc(Br)cc2)n1,existing_2000_single_primary_amine,1,1
BB-1273,NC(CC1CCOCC1)C(=O)O,CC(C)(C)OC(=O)NC(CC1CCOCC1)C(=O)O,existing_2000_single_primary_amine,1,1
BB-1277,Cc1nc2c(CN)c(F)ccc2[nH]1,Cc1nc2c(CNC(=O)OC(C)(C)C)c(F)ccc2[nH]1,existing_2000_single_primary_amine,1,1
BB-1280,NCc1ccc(-c2cccc(C(=O)O)c2)cc1,CC(C)(C)OC(=O)NCc1ccc(-c2cccc(C(=O)O)c2)cc1,existing_2000_single_primary_amine,1,1
BB-1282,COCC(=O)Nc1cccc(CN)c1,COCC(=O)Nc1cccc(CNC(=O)OC(C)(C)C)c1,existing_2000_single_primary_amine,1,1
BB-1284,NCCc1nccn1C(F)F,CC(C)(C)OC(=O)NCCc1nccn1C(F)F,existing_2000_single_primary_amine,1,1
BB-1288,CC(C)(c1nnc2n1CCCCC2)n1cc(N)cn1,CC(C)(C)OC(=O)Nc1cnn(C(C)(C)c2nnc3n2CCCCC3)c1,existing_2000_single_primary_amine,1,1
BB-1290,N#Cc1cccc2c1CC[C@H]2N,CC(C)(C)OC(=O)N[C@@H]1CCc2c(C#N)cccc21,existing_2000_single_primary_amine,1,1
BB-1291,NNC(=O)c1c(F)cccc1Cl,CC(C)(C)OC(=O)NNC(=O)c1c(F)cccc1Cl,existing_2000_single_primary_amine,1,1
BB-1300,CCOC(=O)CC(N)CC1CCCC1,CCOC(=O)CC(CC1CCCC1)NC(=O)OC(C)(C)C,existing_2000_single_primary_amine,1,1
BB-1303,C/C=C(\Br)CN,C/C=C(\Br)CNC(=O)OC(C)(C)C,existing_2000_single_primary_amine,1,1
BB-1304,NC(Cc1nccn1C(F)F)c1ccccc1,CC(C)(C)OC(=O)NC(Cc1nccn1C(F)F)c1ccccc1,existing_2000_single_primary_amine,1,1
BB-1306,NCc1ccc2ccccc2c1F,CC(C)(C)OC(=O)NCc1ccc2ccccc2c1F,existing_2000_single_primary_amine,1,1
BB-1308,N[C@H]1CCCC[C@H]1c1ccccc1,CC(C)(C)OC(=O)N[C@H]1CCCC[C@H]1c1ccccc1,existing_2000_single_primary_amine,1,1
BB-1309,CCc1nnc2ccc(N)cn12,CCc1nnc2ccc(NC(=O)OC(C)(C)C)cn12,existing_2000_single_primary_amine,1,1
BB-1311,COc1ccc(N)cc1S(=O)(=O)Nc1ccc(Cl)cc1,COc1ccc(NC(=O)OC(C)(C)C)cc1S(=O)(=O)Nc1ccc(Cl)cc1,existing_2000_single_primary_amine,1,1
BB-1317,Cc1ccc2c(c1)[C@@H](N)[C@@H](C(=O)O)C2,Cc1ccc2c(c1)[C@@H](NC(=O)OC(C)(C)C)[C@@H](C(=O)O)C2,existing_2000_single_primary_amine,1,1
BB-1325,NC(CCOc1ccccc1)c1ccc(F)cc1F,CC(C)(C)OC(=O)NC(CCOc1ccccc1)c1ccc(F)cc1F,existing_2000_single_primary_amine,1,1
BB-1331,CC1CC(=O)c2cc(N)cnc2C1,CC1CC(=O)c2cc(NC(=O)OC(C)(C)C)cnc2C1,existing_2000_single_primary_amine,1,1
BB-1332,NCc1cc(Br)cc(OC(F)(F)F)c1,CC(C)(C)OC(=O)NCc1cc(Br)cc(OC(F)(F)F)c1,existing_2000_single_primary_amine,1,1
BB-1333,NC(=O)c1ccc(NC2CC2)c(N)c1,CC(C)(C)OC(=O)Nc1cc(C(N)=O)ccc1NC1CC1,existing_2000_single_primary_amine,1,1
BB-1338,Nc1ccc2ccnn2c1,CC(C)(C)OC(=O)Nc1ccc2ccnn2c1,existing_2000_single_primary_amine,1,1
BB-1349,NC(C(=O)O)c1cc(F)ccc1F,CC(C)(C)OC(=O)NC(C(=O)O)c1cc(F)ccc1F,existing_2000_single_primary_amine,1,1
BB-1350,NC(c1cc(Cl)cc(Cl)c1)C(F)(F)C(=O)O,CC(C)(C)OC(=O)NC(c1cc(Cl)cc(Cl)c1)C(F)(F)C(=O)O,existing_2000_single_primary_amine,1,1
BB-1355,NC1CCC(CCCC(=O)O)C1,CC(C)(C)OC(=O)NC1CCC(CCCC(=O)O)C1,existing_2000_single_primary_amine,1,1
BB-1361,COC(=O)c1c(C(C)(C)C)nsc1N,COC(=O)c1c(C(C)(C)C)nsc1NC(=O)OC(C)(C)C,existing_2000_single_primary_amine,1,1
BB-1364,COc1ccc(C(N)C(F)(F)F)cc1Br,COc1ccc(C(NC(=O)OC(C)(C)C)C(F)(F)F)cc1Br,existing_2000_single_primary_amine,1,1
BB-1367,COc1ccc(-c2cc(N)[nH]n2)cc1C,COc1ccc(-c2cc(NC(=O)OC(C)(C)C)[nH]n2)cc1C,existing_2000_single_primary_amine,1,1
BB-1369,COC(=O)C(N)c1cc(C)cc(Br)c1,COC(=O)C(NC(=O)OC(C)(C)C)c1cc(C)cc(Br)c1,existing_2000_single_primary_amine,1,1
BB-1376,COC(=O)c1ccc(C(C)(C)N)cc1,COC(=O)c1ccc(C(C)(C)NC(=O)OC(C)(C)C)cc1,existing_2000_single_primary_amine,1,1
BB-1377,NCCCN1C(=O)NC(c2ccccc2)(c2ccccc2)C1=O,CC(C)(C)OC(=O)NCCCN1C(=O)NC(c2ccccc2)(c2ccccc2)C1=O,existing_2000_single_primary_amine,1,1
BB-1391,CC(C)(C)OC(=O)n1cnc(N)n1,CC(C)(C)OC(=O)Nc1ncn(C(=O)OC(C)(C)C)n1,existing_2000_single_primary_amine,1,1
BB-1392,CC12CC(N)(C1)C(CO)O2,CC(C)(C)OC(=O)NC12CC(C)(C1)OC2CO,existing_2000_single_primary_amine,1,1
BB-1403,CCCCCC(N)C(=O)OC,CCCCCC(NC(=O)OC(C)(C)C)C(=O)OC,existing_2000_single_primary_amine,1,1
BB-1405,COC(=O)c1cc(Br)cc(S(N)(=O)=O)c1F,COC(=O)c1cc(Br)cc(S(=O)(=O)NC(=O)OC(C)(C)C)c1F,existing_2000_single_primary_amine,1,1
BB-1419,COC(=O)c1cc(Br)c(N)c(C)n1,COC(=O)c1cc(Br)c(NC(=O)OC(C)(C)C)c(C)n1,existing_2000_single_primary_amine,1,1
BB-1423,NC(C(=O)O)c1ccc(C(F)(F)F)cc1,CC(C)(C)OC(=O)NC(C(=O)O)c1ccc(C(F)(F)F)cc1,existing_2000_single_primary_amine,1,1
BB-1426,NNCc1ccc(Cl)cc1Cl,CC(C)(C)OC(=O)NNCc1ccc(Cl)cc1Cl,existing_2000_single_primary_amine,1,1
BB-1429,NCC12CC[C@@H](Br)[C@@H](C1)OC2,CC(C)(C)OC(=O)NCC12CC[C@@H](Br)[C@@H](C1)OC2,existing_2000_single_primary_amine,1,1
BB-1430,CCc1cc(=O)n2nc(N)[nH]c2n1,CCc1cc(=O)n2nc(NC(=O)OC(C)(C)C)[nH]c2n1,existing_2000_single_primary_amine,1,1
BB-1447,COC(=O)C1(N)CC(c2ccccc2Cl)C1,COC(=O)C1(NC(=O)OC(C)(C)C)CC(c2ccccc2Cl)C1,existing_2000_single_primary_amine,1,1
BB-1448,COC(=O)C1(N)CCCN(Cc2ccccc2)C1,COC(=O)C1(NC(=O)OC(C)(C)C)CCCN(Cc2ccccc2)C1,existing_2000_single_primary_amine,1,1
BB-1459,CC(C)c1nnc(CN)s1,CC(C)c1nnc(CNC(=O)OC(C)(C)C)s1,existing_2000_single_primary_amine,1,1
BB-1460,Cc1ccc(F)c(-c2noc(N)c2C)c1,Cc1ccc(F)c(-c2noc(NC(=O)OC(C)(C)C)c2C)c1,existing_2000_single_primary_amine,1,1
BB-1463,NS(=O)(=O)C1CC1,CC(C)(C)OC(=O)NS(=O)(=O)C1CC1,existing_2000_single_primary_amine,1,1
BB-1477,CCN(C1CC1)S(N)(=O)=O,CCN(C1CC1)S(=O)(=O)NC(=O)OC(C)(C)C,existing_2000_single_primary_amine,1,1
BB-1479,N#Cc1ccc(NS(N)(=O)=O)cc1,CC(C)(C)OC(=O)NS(=O)(=O)Nc1ccc(C#N)cc1,existing_2000_single_primary_amine,1,1
BB-1485,CCC(C)(C)c1ccc(OCCCC(=O)NN)c(C(C)(C)CC)c1,CCC(C)(C)c1ccc(OCCCC(=O)NNC(=O)OC(C)(C)C)c(C(C)(C)CC)c1,existing_2000_single_primary_amine,1,1
BB-1491,NC1CCc2cc(F)cc(F)c21,CC(C)(C)OC(=O)NC1CCc2cc(F)cc(F)c21,existing_2000_single_primary_amine,1,1
BB-1494,NCC(CO)Cc1ccc(F)c(Br)c1,CC(C)(C)OC(=O)NCC(CO)Cc1ccc(F)c(Br)c1,existing_2000_single_primary_amine,1,1
BB-1496,CCOC(=O)c1c(N)c(Cl)cn1C,CCOC(=O)c1c(NC(=O)OC(C)(C)C)c(Cl)cn1C,existing_2000_single_primary_amine,1,1
BB-1501,NC(c1ccccc1)c1ccoc1,CC(C)(C)OC(=O)NC(c1ccccc1)c1ccoc1,existing_2000_single_primary_amine,1,1
BB-1506,NC(=O)c1sc2nc(C(F)(F)F)cc(-c3ccco3)c2c1N,CC(C)(C)OC(=O)Nc1c(C(N)=O)sc2nc(C(F)(F)F)cc(-c3ccco3)c12,existing_2000_single_primary_amine,1,1
BB-1509,COCCn1c(N)c(C(=O)CCl)c(=O)[nH]c1=O,COCCn1c(NC(=O)OC(C)(C)C)c(C(=O)CCl)c(=O)[nH]c1=O,existing_2000_single_primary_amine,1,1
BB-1511,COC(=O)C(N)C1CCOC1,COC(=O)C(NC(=O)OC(C)(C)C)C1CCOC1,existing_2000_single_primary_amine,1,1
BB-1517,Cc1cccc(CC(N)CO)c1,Cc1cccc(CC(CO)NC(=O)OC(C)(C)C)c1,existing_2000_single_primary_amine,1,1
BB-1527,Nc1ccc(OCc2nnn[nH]2)cc1,CC(C)(C)OC(=O)Nc1ccc(OCc2nnn[nH]2)cc1,existing_2000_single_primary_amine,1,1
BB-1533,Cn1c(N)c(C(=O)CCl)c(=O)n(C)c1=O,Cn1c(NC(=O)OC(C)(C)C)c(C(=O)CCl)c(=O)n(C)c1=O,existing_2000_single_primary_amine,1,1
BB-1544,CC(C)(C)OC(=O)N1CCCN(CCCN)CC1,CC(C)(C)OC(=O)NCCCN1CCCN(C(=O)OC(C)(C)C)CC1,existing_2000_single_primary_amine,1,1
BB-1549,Cc1ccc(C(=O)CN)cc1Br,Cc1ccc(C(=O)CNC(=O)OC(C)(C)C)cc1Br,existing_2000_single_primary_amine,1,1
BB-1556,N[C@H](CO)C1CCCCC1,CC(C)(C)OC(=O)N[C@H](CO)C1CCCCC1,existing_2000_single_primary_amine,1,1
BB-1557,N[C@H]1CCCN(Cc2ccccc2)C1,CC(C)(C)OC(=O)N[C@H]1CCCN(Cc2ccccc2)C1,existing_2000_single_primary_amine,1,1
BB-1558,NS(=O)(=O)c1ccccc1NC(=O)C1CC1,CC(C)(C)OC(=O)NS(=O)(=O)c1ccccc1NC(=O)C1CC1,existing_2000_single_primary_amine,1,1
BB-1567,COC(=O)c1cc(N)n(C(C)C)n1,COC(=O)c1cc(NC(=O)OC(C)(C)C)n(C(C)C)n1,existing_2000_single_primary_amine,1,1
BB-1568,CS(=O)(=O)c1ccccc1NN,CC(C)(C)OC(=O)NNc1ccccc1S(C)(=O)=O,existing_2000_single_primary_amine,1,1
BB-1574,Nc1ccc(Br)cc1C(F)(F)F,CC(C)(C)OC(=O)Nc1ccc(Br)cc1C(F)(F)F,existing_2000_single_primary_amine,1,1
BB-1577,NNC(=O)COc1cc(Cl)ccc1Cl,CC(C)(C)OC(=O)NNC(=O)COc1cc(Cl)ccc1Cl,existing_2000_single_primary_amine,1,1
BB-1585,NCc1ccc(-c2ccc(C(F)(F)F)cc2)cc1,CC(C)(C)OC(=O)NCc1ccc(-c2ccc(C(F)(F)F)cc2)cc1,existing_2000_single_primary_amine,1,1
BB-1586,CCC(N)C(C)(C)O,CCC(NC(=O)OC(C)(C)C)C(C)(C)O,existing_2000_single_primary_amine,1,1
BB-1587,CC1(C)CC(N)c2cccc(Br)c2O1,CC(C)(C)OC(=O)NC1CC(C)(C)Oc2c(Br)cccc21,existing_2000_single_primary_amine,1,1
BB-1591,Nc1ccc(F)c(I)c1F,CC(C)(C)OC(=O)Nc1ccc(F)c(I)c1F,existing_2000_single_primary_amine,1,1
BB-1592,C#CCCCC(N)c1ccc(Br)cc1,C#CCCCC(NC(=O)OC(C)(C)C)c1ccc(Br)cc1,existing_2000_single_primary_amine,1,1
BB-1593,Cc1ccc(C2(N)CCCCC2)c(Br)c1,Cc1ccc(C2(NC(=O)OC(C)(C)C)CCCCC2)c(Br)c1,existing_2000_single_primary_amine,1,1
BB-1594,Cc1cc(C)c(N)c(Cl)c1,Cc1cc(C)c(NC(=O)OC(C)(C)C)c(Cl)c1,existing_2000_single_primary_amine,1,1
BB-1597,CN(C)CC(N)c1ccc(Cl)cc1,CN(C)CC(NC(=O)OC(C)(C)C)c1ccc(Cl)cc1,existing_2000_single_primary_amine,1,1
BB-1604,CC(C)(N)c1ccc2c(c1)OCO2,CC(C)(C)OC(=O)NC(C)(C)c1ccc2c(c1)OCO2,existing_2000_single_primary_amine,1,1
BB-1608,Nc1ccc(-c2ccco2)cc1F,CC(C)(C)OC(=O)Nc1ccc(-c2ccco2)cc1F,existing_2000_single_primary_amine,1,1
BB-1613,N#Cc1c(F)c(F)c(N)c(F)c1F,CC(C)(C)OC(=O)Nc1c(F)c(F)c(C#N)c(F)c1F,existing_2000_single_primary_amine,1,1
BB-1616,Nc1ccc2c(c1)N(Cc1ccc(F)cc1)CC2,CC(C)(C)OC(=O)Nc1ccc2c(c1)N(Cc1ccc(F)cc1)CC2,existing_2000_single_primary_amine,1,1
BB-1617,CC(C)(C)OC(=O)CC(N)c1ccccc1,CC(C)(C)OC(=O)CC(NC(=O)OC(C)(C)C)c1ccccc1,existing_2000_single_primary_amine,1,1
BB-1618,Nc1csc2c(=O)[nH]cnc12,CC(C)(C)OC(=O)Nc1csc2c(=O)[nH]cnc12,existing_2000_single_primary_amine,1,1
BB-1623,Cc1cc2cc(Br)c(F)cc2nc1N,Cc1cc2cc(Br)c(F)cc2nc1NC(=O)OC(C)(C)C,existing_2000_single_primary_amine,1,1
BB-1625,COC(=O)[C@H]1CCCC[C@H]1S(N)(=O)=O,COC(=O)[C@H]1CCCC[C@H]1S(=O)(=O)NC(=O)OC(C)(C)C,existing_2000_single_primary_amine,1,1
BB-1629,Cc1cc(F)c(N)c(C(=O)O)c1,Cc1cc(F)c(NC(=O)OC(C)(C)C)c(C(=O)O)c1,existing_2000_single_primary_amine,1,1
BB-1630,Cc1cc(N=[N+]=[N-])ccc1N,Cc1cc(N=[N+]=[N-])ccc1NC(=O)OC(C)(C)C,existing_2000_single_primary_amine,1,1
BB-1639,NC1CCc2c(C(=O)O)cc(C(=O)O)cc21,CC(C)(C)OC(=O)NC1CCc2c(C(=O)O)cc(C(=O)O)cc21,existing_2000_single_primary_amine,1,1
BB-1645,NC(CCSCCO)C(=O)O,CC(C)(C)OC(=O)NC(CCSCCO)C(=O)O,existing_2000_single_primary_amine,1,1
BB-1649,NCc1ccc(Oc2ccc(F)cc2)nc1,CC(C)(C)OC(=O)NCc1ccc(Oc2ccc(F)cc2)nc1,existing_2000_single_primary_amine,1,1
BB-1651,CC(C)COC(=O)[C@H](C)N,CC(C)COC(=O)[C@H](C)NC(=O)OC(C)(C)C,existing_2000_single_primary_amine,1,1
BB-1652,NCCc1occc1C(=O)O,CC(C)(C)OC(=O)NCCc1occc1C(=O)O,existing_2000_single_primary_amine,1,1
BB-1655,NC(COc1ccccc1)c1ccc(F)c(Cl)c1,CC(C)(C)OC(=O)NC(COc1ccccc1)c1ccc(F)c(Cl)c1,existing_2000_single_primary_amine,1,1
BB-1665,NC(COc1ccccc1)c1ccc(Cl)c(F)c1,CC(C)(C)OC(=O)NC(COc1ccccc1)c1ccc(Cl)c(F)c1,existing_2000_single_primary_amine,1,1
BB-1666,COC(=O)c1c[nH]c(C2(N)CCOCC2)n1,COC(=O)c1c[nH]c(C2(NC(=O)OC(C)(C)C)CCOCC2)n1,existing_2000_single_primary_amine,1,1
BB-1668,CCN(CC)S(=O)(=O)c1ccc(Oc2ccc(Br)cc2)c(N)c1,CCN(CC)S(=O)(=O)c1ccc(Oc2ccc(Br)cc2)c(NC(=O)OC(C)(C)C)c1,existing_2000_single_primary_amine,1,1
BB-1673,CC(N)[C@@H]1C[C@H]1c1ccccc1,CC(NC(=O)OC(C)(C)C)[C@@H]1C[C@H]1c1ccccc1,existing_2000_single_primary_amine,1,1
BB-1678,NC(Cc1cc(C(F)(F)F)cnc1Cl)C(=O)O,CC(C)(C)OC(=O)NC(Cc1cc(C(F)(F)F)cnc1Cl)C(=O)O,existing_2000_single_primary_amine,1,1
BB-1681,CCOC(=O)c1ccc(CN)o1,CCOC(=O)c1ccc(CNC(=O)OC(C)(C)C)o1,existing_2000_single_primary_amine,1,1
BB-1682,NCC(=O)c1ccc(Br)cc1,CC(C)(C)OC(=O)NCC(=O)c1ccc(Br)cc1,existing_2000_single_primary_amine,1,1
BB-1683,NC1CCCc2cn(CC(F)(F)F)nc21,CC(C)(C)OC(=O)NC1CCCc2cn(CC(F)(F)F)nc21,existing_2000_single_primary_amine,1,1
BB-1691,CC(C)n1c(N)nc2ccc(F)cc21,CC(C)n1c(NC(=O)OC(C)(C)C)nc2ccc(F)cc21,existing_2000_single_primary_amine,1,1
BB-1698,N#Cc1cccc(C(N)c2ccc(Cl)cc2)c1,CC(C)(C)OC(=O)NC(c1ccc(Cl)cc1)c1cccc(C#N)c1,existing_2000_single_primary_amine,1,1
BB-1703,COc1cc(C2(CN)CCC2)ccn1,COc1cc(C2(CNC(=O)OC(C)(C)C)CCC2)ccn1,existing_2000_single_primary_amine,1,1
BB-1707,CC(C)(C)OC(=O)N1CCn2c(CN)nnc2C1,CC(C)(C)OC(=O)NCc1nnc2n1CCN(C(=O)OC(C)(C)C)C2,existing_2000_single_primary_amine,1,1
BB-1709,Cc1cc(C)c(C(=O)O)cc1N,Cc1cc(C)c(C(=O)O)cc1NC(=O)OC(C)(C)C,existing_2000_single_primary_amine,1,1
BB-1719,CN1CC2CCC1C(CN)C2,CN1CC2CCC1C(CNC(=O)OC(C)(C)C)C2,existing_2000_single_primary_amine,1,1
BB-1726,COc1ccc(CCN)c(Cl)c1,COc1ccc(CCNC(=O)OC(C)(C)C)c(Cl)c1,existing_2000_single_primary_amine,1,1
BB-1729,Nc1cc(C(=O)O)ccc1I,CC(C)(C)OC(=O)Nc1cc(C(=O)O)ccc1I,existing_2000_single_primary_amine,1,1
BB-1730,NCC1(O)CS(=O)(=O)C1,CC(C)(C)OC(=O)NCC1(O)CS(=O)(=O)C1,existing_2000_single_primary_amine,1,1
BB-1734,Nc1ccc(=O)n(Cc2ccccc2Cl)c1,CC(C)(C)OC(=O)Nc1ccc(=O)n(Cc2ccccc2Cl)c1,existing_2000_single_primary_amine,1,1
BB-1736,NC(CO)C1CCC(F)(F)CC1,CC(C)(C)OC(=O)NC(CO)C1CCC(F)(F)CC1,existing_2000_single_primary_amine,1,1
BB-1738,CC(C)(C)OC(=O)N1CCC(CCCN)CC1,CC(C)(C)OC(=O)NCCCC1CCN(C(=O)OC(C)(C)C)CC1,existing_2000_single_primary_amine,1,1
BB-1754,NCCc1ccc(OCC(=O)O)cc1,CC(C)(C)OC(=O)NCCc1ccc(OCC(=O)O)cc1,existing_2000_single_primary_amine,1,1
BB-1757,CCOC(=O)CC(CN)B1OC(C)(C)C(C)(C)O1,CCOC(=O)CC(CNC(=O)OC(C)(C)C)B1OC(C)(C)C(C)(C)O1,existing_2000_single_primary_amine,1,1
BB-1758,CCC1(C)NC(=O)N(CCCN)C1=O,CCC1(C)NC(=O)N(CCCNC(=O)OC(C)(C)C)C1=O,existing_2000_single_primary_amine,1,1
BB-1759,COC(=O)c1cc(F)c(N)cc1F,COC(=O)c1cc(F)c(NC(=O)OC(C)(C)C)cc1F,existing_2000_single_primary_amine,1,1
BB-1769,N[C@@H]1CCO[C@H]1c1ccc(Cl)c(F)c1,CC(C)(C)OC(=O)N[C@@H]1CCO[C@H]1c1ccc(Cl)c(F)c1,existing_2000_single_primary_amine,1,1
BB-1770,CC(C)C(N)C#N,CC(C)C(C#N)NC(=O)OC(C)(C)C,existing_2000_single_primary_amine,1,1
BB-1775,COC(=O)c1c[nH]c(C2(N)CCC2)n1,COC(=O)c1c[nH]c(C2(NC(=O)OC(C)(C)C)CCC2)n1,existing_2000_single_primary_amine,1,1
BB-1780,Nc1cccc(N2CCOCC2)c1,CC(C)(C)OC(=O)Nc1cccc(N2CCOCC2)c1,existing_2000_single_primary_amine,1,1
BB-1782,NC(C1CC1)C1(CO)CCCO1,CC(C)(C)OC(=O)NC(C1CC1)C1(CO)CCCO1,existing_2000_single_primary_amine,1,1
BB-1792,CC#CC1(N)COC1,CC#CC1(NC(=O)OC(C)(C)C)COC1,existing_2000_single_primary_amine,1,1
BB-1798,Cn1c(N)nc2cc(C(=O)O)cc(Br)c21,Cn1c(NC(=O)OC(C)(C)C)nc2cc(C(=O)O)cc(Br)c21,existing_2000_single_primary_amine,1,1
BB-1808,COc1ccc(Br)cc1CC(N)C(=O)O,COc1ccc(Br)cc1CC(NC(=O)OC(C)(C)C)C(=O)O,existing_2000_single_primary_amine,1,1
BB-1811,CC1(C)CCC2(CC(N)C2)C1,CC1(C)CCC2(CC(NC(=O)OC(C)(C)C)C2)C1,existing_2000_single_primary_amine,1,1
BB-1814,NCC1(c2cccc(C(F)(F)F)c2)CC1,CC(C)(C)OC(=O)NCC1(c2cccc(C(F)(F)F)c2)CC1,existing_2000_single_primary_amine,1,1
BB-1815,COc1c(Cl)cc(N)cc1Cl,COc1c(Cl)cc(NC(=O)OC(C)(C)C)cc1Cl,existing_2000_single_primary_amine,1,1
BB-1818,COC(=O)c1cc(C(F)(F)F)ccc1N,COC(=O)c1cc(C(F)(F)F)ccc1NC(=O)OC(C)(C)C,existing_2000_single_primary_amine,1,1
BB-1819,CCOC(=O)c1nc(C2CC2)n(Cc2ccccc2)c1N,CCOC(=O)c1nc(C2CC2)n(Cc2ccccc2)c1NC(=O)OC(C)(C)C,existing_2000_single_primary_amine,1,1
BB-1822,Cc1c(CN)oc2ccc(Cl)cc12,Cc1c(CNC(=O)OC(C)(C)C)oc2ccc(Cl)cc12,existing_2000_single_primary_amine,1,1
BB-1824,Nc1nc(Cl)cc(-c2ccccc2)n1,CC(C)(C)OC(=O)Nc1nc(Cl)cc(-c2ccccc2)n1,existing_2000_single_primary_amine,1,1
BB-1825,CC(C)c1n[nH]c(C(N)=O)c1N,CC(C)c1n[nH]c(C(N)=O)c1NC(=O)OC(C)(C)C,existing_2000_single_primary_amine,1,1
BB-1827,NCc1ccc2c(c1)C(=O)OC2,CC(C)(C)OC(=O)NCc1ccc2c(c1)C(=O)OC2,existing_2000_single_primary_amine,1,1
BB-1831,NCc1nc(-c2ccc(F)cc2)c[nH]1,CC(C)(C)OC(=O)NCc1nc(-c2ccc(F)cc2)c[nH]1,existing_2000_single_primary_amine,1,1
BB-1832,C[C@@H](CN)Oc1ccccc1,C[C@@H](CNC(=O)OC(C)(C)C)Oc1ccccc1,existing_2000_single_primary_amine,1,1
BB-1833,N=C(N)c1cccc(CN)c1,CC(C)(C)OC(=O)NCc1cccc(C(=N)N)c1,existing_2000_single_primary_amine,1,1
BB-1854,CC(C)[C@@H]1C[C@H](CN)c2ccccc21,CC(C)[C@@H]1C[C@H](CNC(=O)OC(C)(C)C)c2ccccc21,existing_2000_single_primary_amine,1,1
BB-1855,COC(=O)C(CN)c1ccc(C)cc1,COC(=O)C(CNC(=O)OC(C)(C)C)c1ccc(C)cc1,existing_2000_single_primary_amine,1,1
BB-1859,Cn1cc(N)c(C#N)n1,Cn1cc(NC(=O)OC(C)(C)C)c(C#N)n1,existing_2000_single_primary_amine,1,1
BB-1863,CC(N)(C(=O)O)c1ccc(C(F)(F)F)cc1,CC(C)(C)OC(=O)NC(C)(C(=O)O)c1ccc(C(F)(F)F)cc1,existing_2000_single_primary_amine,1,1
BB-1865,CSc1cccc(C(N)c2ccc(F)cc2F)c1,CSc1cccc(C(NC(=O)OC(C)(C)C)c2ccc(F)cc2F)c1,existing_2000_single_primary_amine,1,1
BB-1866,COC(=O)CC(C)(C)c1ccc(N)cc1,COC(=O)CC(C)(C)c1ccc(NC(=O)OC(C)(C)C)cc1,existing_2000_single_primary_amine,1,1
BB-1867,Cc1nc(N)oc1-c1ccncc1,Cc1nc(NC(=O)OC(C)(C)C)oc1-c1ccncc1,existing_2000_single_primary_amine,1,1
BB-1879,CC1(C)CC(CN)OC1(C)C,CC(C)(C)OC(=O)NCC1CC(C)(C)C(C)(C)O1,existing_2000_single_primary_amine,1,1
BB-1888,CC1OCCC1N,CC1OCCC1NC(=O)OC(C)(C)C,existing_2000_single_primary_amine,1,1
BB-1897,CC(O)c1ccc(S(N)(=O)=O)cc1,CC(O)c1ccc(S(=O)(=O)NC(=O)OC(C)(C)C)cc1,existing_2000_single_primary_amine,1,1
BB-1899,CC1(C)CN(c2ccccc2N)C1=O,CC(C)(C)OC(=O)Nc1ccccc1N1CC(C)(C)C1=O,existing_2000_single_primary_amine,1,1
BB-1903,COc1c(Br)sc(S(N)(=O)=O)c1OC,COc1c(Br)sc(S(=O)(=O)NC(=O)OC(C)(C)C)c1OC,existing_2000_single_primary_amine,1,1
BB-1909,N[C@@H]1CCOC1,CC(C)(C)OC(=O)N[C@@H]1CCOC1,existing_2000_single_primary_amine,1,1
BB-1915,NS(=O)(=O)c1ccc(S(=O)(=O)N2CCNCC2)cc1,CC(C)(C)OC(=O)NS(=O)(=O)c1ccc(S(=O)(=O)N2CCNCC2)cc1,existing_2000_single_primary_amine,1,1
BB-1921,CN1CCC(Oc2ccc(N)cn2)CC1,CN1CCC(Oc2ccc(NC(=O)OC(C)(C)C)cn2)CC1,existing_2000_single_primary_amine,1,1
BB-1929,CC(C)n1ncc(N)c1Cl,CC(C)n1ncc(NC(=O)OC(C)(C)C)c1Cl,existing_2000_single_primary_amine,1,1
BB-1933,COc1ccc(Cl)c(CN)c1,COc1ccc(Cl)c(CNC(=O)OC(C)(C)C)c1,existing_2000_single_primary_amine,1,1
BB-1934,Cc1cccc(N)c1C(=O)O,Cc1cccc(NC(=O)OC(C)(C)C)c1C(=O)O,existing_2000_single_primary_amine,1,1
BB-1939,Nc1c(I)cc(F)c(Br)c1F,CC(C)(C)OC(=O)Nc1c(I)cc(F)c(Br)c1F,existing_2000_single_primary_amine,1,1
BB-1940,C=CCOc1ccc(C[C@H](N)C(=O)OC(C)(C)C)cc1,C=CCOc1ccc(C[C@H](NC(=O)OC(C)(C)C)C(=O)OC(C)(C)C)cc1,existing_2000_single_primary_amine,1,1
BB-1942,CCC(N)c1nc(C)n[nH]1,CCC(NC(=O)OC(C)(C)C)c1nc(C)n[nH]1,existing_2000_single_primary_amine,1,1
BB-1947,Nc1ccc2c(c1)S(=O)(=O)NC2=O,CC(C)(C)OC(=O)Nc1ccc2c(c1)S(=O)(=O)NC2=O,existing_2000_single_primary_amine,1,1
BB-1948,CCC(=O)c1ccc(Cl)c(N)c1,CCC(=O)c1ccc(Cl)c(NC(=O)OC(C)(C)C)c1,existing_2000_single_primary_amine,1,1
BB-1950,N#Cc1c(N)ncc2c1CCOC2,CC(C)(C)OC(=O)Nc1ncc2c(c1C#N)CCOC2,existing_2000_single_primary_amine,1,1
BB-1953,C[C@@H](N)c1coc2c(F)cccc12,C[C@@H](NC(=O)OC(C)(C)C)c1coc2c(F)cccc12,existing_2000_single_primary_amine,1,1
BB-1956,Cc1cc(N)ncc1C#N,Cc1cc(NC(=O)OC(C)(C)C)ncc1C#N,existing_2000_single_primary_amine,1,1
BB-1957,NCCCN1CCc2ccccc21,CC(C)(C)OC(=O)NCCCN1CCc2ccccc21,existing_2000_single_primary_amine,1,1
BB-1958,CCCNc1ccncc1N,CCCNc1ccncc1NC(=O)OC(C)(C)C,existing_2000_single_primary_amine,1,1
BB-1963,NC1(Cc2ccc(F)cc2F)CCCCC1,CC(C)(C)OC(=O)NC1(Cc2ccc(F)cc2F)CCCCC1,existing_2000_single_primary_amine,1,1
BB-1967,NCc1cc(F)cc2c1OCOC2,CC(C)(C)OC(=O)NCc1cc(F)cc2c1OCOC2,existing_2000_single_primary_amine,1,1
BB-1968,Cc1c(Br)ccc(O)c1N,Cc1c(Br)ccc(O)c1NC(=O)OC(C)(C)C,existing_2000_single_primary_amine,1,1
BB-1972,CCOc1ccc(C(C)=O)cc1S(N)(=O)=O,CCOc1ccc(C(C)=O)cc1S(=O)(=O)NC(=O)OC(C)(C)C,existing_2000_single_primary_amine,1,1
BB-1974,N[C@H]1C[C@@H](CC(=O)O)C1,CC(C)(C)OC(=O)N[C@H]1C[C@@H](CC(=O)O)C1,existing_2000_single_primary_amine,1,1
BB-1979,NCCNc1ncc(C(F)(F)F)cc1Cl,CC(C)(C)OC(=O)NCCNc1ncc(C(F)(F)F)cc1Cl,existing_2000_single_primary_amine,1,1
BB-1985,CCc1sc(N)nc1-c1ccc(OC)cc1,CCc1sc(NC(=O)OC(C)(C)C)nc1-c1ccc(OC)cc1,existing_2000_single_primary_amine,1,1
BB-1988,NCc1cc(C(=O)O)c2n1CCCC2,CC(C)(C)OC(=O)NCc1cc(C(=O)O)c2n1CCCC2,existing_2000_single_primary_amine,1,1
BB-1992,NS(=O)(=O)c1cc2c(cc1Cl)NCNS2(=O)=O,CC(C)(C)OC(=O)NS(=O)(=O)c1cc2c(cc1Cl)NCNS2(=O)=O,existing_2000_single_primary_amine,1,1
BB-1994,NC(CO)Cc1ccccc1Cl,CC(C)(C)OC(=O)NC(CO)Cc1ccccc1Cl,existing_2000_single_primary_amine,1,1
BB-2000,Cn1cc(I)c(N)n1,Cn1cc(I)c(NC(=O)OC(C)(C)C)n1,high_score_route_anchor,1,1
BB-2001,NC1CCc2cccc(Br)c2C1,CC(C)(C)OC(=O)NC1CCc2cccc(Br)c2C1,high_score_route_anchor,1,1
BB-2002,CCc1noc(N)c1Br,CCc1noc(NC(=O)OC(C)(C)C)c1Br,high_score_route_anchor,1,1
BB-2003,Nc1nc2c(o1)CCCC2=O,CC(C)(C)OC(=O)Nc1nc2c(o1)CCCC2=O,high_score_route_anchor,1,1
BB-2004,NCC(CO)c1ccccc1Cl,CC(C)(C)OC(=O)NCC(CO)c1ccccc1Cl,high_score_route_anchor,1,1
BB-2005,Cc1c(Br)cn(C)c(=O)c1N,Cc1c(Br)cn(C)c(=O)c1NC(=O)OC(C)(C)C,high_score_route_anchor,1,1
BB-2006,Cn1cc(N)c(Br)n1,Cn1cc(NC(=O)OC(C)(C)C)c(Br)n1,high_score_route_anchor,1,1
BB-2007,CC1CC(=O)C=C(N)C1,CC1CC(=O)C=C(NC(=O)OC(C)(C)C)C1,high_score_route_anchor,1,1
BB-2008,Cc1nc(Br)c(CN)n1C,Cc1nc(Br)c(CNC(=O)OC(C)(C)C)n1C,high_score_route_anchor,1,1
BB-2009,Cc1c(N)cc(CO)cc1Br,Cc1c(Br)cc(CO)cc1NC(=O)OC(C)(C)C,high_score_route_anchor,1,1
BB-2010,Nc1c2c(cc3c1CCC3=O)CCC2,CC(C)(C)OC(=O)Nc1c2c(cc3c1CCC3=O)CCC2,high_score_route_anchor,1,1
BB-2011,NCCc1c(F)ccc(F)c1Br,CC(C)(C)OC(=O)NCCc1c(F)ccc(F)c1Br,high_score_route_anchor,1,1
BB-2012,CCC(=O)c1ccc(F)c(N)c1,CCC(=O)c1ccc(F)c(NC(=O)OC(C)(C)C)c1,high_score_route_anchor,1,1
BB-2013,NC1CCN(c2ccccc2Br)C1,CC(C)(C)OC(=O)NC1CCN(c2ccccc2Br)C1,high_score_route_anchor,1,1
BB-2014,Cn1cc(CCN)c(Br)n1,Cn1cc(CCNC(=O)OC(C)(C)C)c(Br)n1,high_score_route_anchor,1,1
BB-2015,NC1CCC(=O)c2cc(Br)ccc21,CC(C)(C)OC(=O)NC1CCC(=O)c2cc(Br)ccc21,high_score_route_anchor,1,1
BB-2016,Cn1c(N)nc2c(Cl)cccc21,Cn1c(NC(=O)OC(C)(C)C)nc2c(Cl)cccc21,high_score_route_anchor,1,1
BB-2017,Cc1cc(Cl)c(C)cc1N,Cc1cc(NC(=O)OC(C)(C)C)c(C)cc1Cl,high_score_route_anchor,1,1
BB-2018,Nc1cc(-c2ccccc2Cl)[nH]n1,CC(C)(C)OC(=O)Nc1cc(-c2ccccc2Cl)[nH]n1,high_score_route_anchor,1,1
BB-2019,CC(=O)c1c(C)oc(N)c1C#N,CC(=O)c1c(C)oc(NC(=O)OC(C)(C)C)c1C#N,high_score_route_anchor,1,1
BB-2020,NCC(=O)c1ccc(F)cc1Cl,CC(C)(C)OC(=O)NCC(=O)c1ccc(F)cc1Cl,high_score_route_anchor,1,1
BB-2021,NCCc1cc2c(cc1Br)OCO2,CC(C)(C)OC(=O)NCCc1cc2c(cc1Br)OCO2,high_score_route_anchor,1,1
BB-2022,NCC(=O)c1ccc(F)cc1Br,CC(C)(C)OC(=O)NCC(=O)c1ccc(F)cc1Br,high_score_route_anchor,1,1
BB-2023,NCC1CC(=O)c2ccccc2O1,CC(C)(C)OC(=O)NCC1CC(=O)c2ccccc2O1,high_score_route_anchor,1,1
BB-2024,Cn1nncc1C(=O)CN,Cn1nncc1C(=O)CNC(=O)OC(C)(C)C,high_score_route_anchor,1,1
BB-2025,NC1CCN(c2cn[nH]c(=O)c2Cl)C1,CC(C)(C)OC(=O)NC1CCN(c2cn[nH]c(=O)c2Cl)C1,high_score_route_anchor,1,1
BB-2026,CC1(C)CC(=O)C(Br)=C(N)C1,CC1(C)CC(=O)C(Br)=C(NC(=O)OC(C)(C)C)C1,high_score_route_anchor,1,1
BB-2027,Nc1ccc(Br)c2c1CCC2,CC(C)(C)OC(=O)Nc1ccc(Br)c2c1CCC2,high_score_route_anchor,1,1
BB-2028,Nc1cc(Br)c2[nH]ncc2c1,CC(C)(C)OC(=O)Nc1cc(Br)c2[nH]ncc2c1,high_score_route_anchor,1,1
BB-2029,Cn1nc(Br)c(CN)n1,Cn1nc(Br)c(CNC(=O)OC(C)(C)C)n1,high_score_route_anchor,1,1
BB-2030,CS(=O)(=O)Cc1ccc(N)cc1Cl,CC(C)(C)OC(=O)Nc1ccc(CS(C)(=O)=O)c(Cl)c1,high_score_route_anchor,1,1
BB-2031,NCC(=O)c1cccnc1Cl,CC(C)(C)OC(=O)NCC(=O)c1cccnc1Cl,high_score_route_anchor,1,1
BB-2032,CSCc1ccc(Cl)c(N)c1,CSCc1ccc(Cl)c(NC(=O)OC(C)(C)C)c1,high_score_route_anchor,1,1
BB-2033,Nc1ccc2c(c1)C(=O)CCC2,CC(C)(C)OC(=O)Nc1ccc2c(c1)C(=O)CCC2,high_score_route_anchor,1,1
BB-2034,COC(=O)c1cc(C(C)=O)c(N)[nH]1,COC(=O)c1cc(C(C)=O)c(NC(=O)OC(C)(C)C)[nH]1,high_score_route_anchor,1,1
BB-2035,Cc1csc(C(=O)CN)c1Cl,Cc1csc(C(=O)CNC(=O)OC(C)(C)C)c1Cl,high_score_route_anchor,1,1
BB-2036,CC1(C)CC(=O)c2nc(N)oc2C1,CC1(C)CC(=O)c2nc(NC(=O)OC(C)(C)C)oc2C1,high_score_route_anchor,1,1
BB-2037,COc1cc(F)c(N)cc1C(C)=O,COc1cc(F)c(NC(=O)OC(C)(C)C)cc1C(C)=O,high_score_route_anchor,1,1
BB-2038,Nc1n[nH]c2ccc(F)c(Br)c12,CC(C)(C)OC(=O)Nc1n[nH]c2ccc(F)c(Br)c12,high_score_route_anchor,1,1
BB-2039,Nc1cccc(Br)c1O,CC(C)(C)OC(=O)Nc1cccc(Br)c1O,high_score_route_anchor,1,1
BB-2040,Cc1[nH]c(=O)c(Br)cc1N,Cc1[nH]c(=O)c(Br)cc1NC(=O)OC(C)(C)C,high_score_route_anchor,1,1
BB-2041,Cc1cc(F)c(Br)cc1N,Cc1cc(F)c(Br)cc1NC(=O)OC(C)(C)C,high_score_route_anchor,1,1
BB-2042,CC(F)(F)c1cc(N)ccc1Cl,CC(C)(C)OC(=O)Nc1ccc(Cl)c(C(C)(F)F)c1,high_score_route_anchor,1,1
BB-2043,NC1CCC(=O)c2ccc(Br)cc21,CC(C)(C)OC(=O)NC1CCC(=O)c2ccc(Br)cc21,high_score_route_anchor,1,1
BB-2044,NC1CCc2ncc(Br)n2C1,CC(C)(C)OC(=O)NC1CCc2ncc(Br)n2C1,high_score_route_anchor,1,1
BB-2045,Cn1c(N)nc2cccc(Br)c21,Cn1c(NC(=O)OC(C)(C)C)nc2cccc(Br)c21,high_score_route_anchor,1,1
BB-2046,COc1cc(Br)c(CCN)cc1O,COc1cc(Br)c(CCNC(=O)OC(C)(C)C)cc1O,high_score_route_anchor,1,1
BB-2047,Cn1cc(C(=O)CN)c(C(F)F)n1,Cn1cc(C(=O)CNC(=O)OC(C)(C)C)c(C(F)F)n1,high_score_route_anchor,1,1
BB-2048,Nc1cccc(Cl)c1CO,CC(C)(C)OC(=O)Nc1cccc(Cl)c1CO,high_score_route_anchor,1,1
BB-2049,CCCC(=O)c1cc(N)ccc1F,CCCC(=O)c1cc(NC(=O)OC(C)(C)C)ccc1F,high_score_route_anchor,1,1
BB-2050,Cc1ccc(CCN)c(Br)c1,Cc1ccc(CCNC(=O)OC(C)(C)C)c(Br)c1,high_score_route_anchor,1,1
BB-2051,NCCc1ncc(C(F)(F)F)cc1Cl,CC(C)(C)OC(=O)NCCc1ncc(C(F)(F)F)cc1Cl,high_score_route_anchor,1,1
BB-2052,NC1CCC(=O)c2cc(OC(F)F)ccc21,CC(C)(C)OC(=O)NC1CCC(=O)c2cc(OC(F)F)ccc21,high_score_route_anchor,1,1
BB-2053,CC(C)(C)c1nc(N)sc1Br,CC(C)(C)OC(=O)Nc1nc(C(C)(C)C)c(Br)s1,high_score_route_anchor,1,1
BB-2054,COCCNCCCN,COCCNCCCNC(=O)OC(C)(C)C,high_score_route_anchor,1,1
BB-2055,Nc1nc2c(Cl)cccc2[nH]1,CC(C)(C)OC(=O)Nc1nc2c(Cl)cccc2[nH]1,high_score_route_anchor,1,1
BB-2056,NCCc1ccncc1Br,CC(C)(C)OC(=O)NCCc1ccncc1Br,high_score_route_anchor,1,1
BB-2057,CC1(C)CC(=O)c2cccc(N)c2O1,CC(C)(C)OC(=O)Nc1cccc2c1OC(C)(C)CC2=O,high_score_route_anchor,1,1
BB-2058,Nc1ccc(Br)c2c1CCCC2,CC(C)(C)OC(=O)Nc1ccc(Br)c2c1CCCC2,high_score_route_anchor,1,1
BB-2059,Cc1cc(N)c(C)c(Br)c1,Cc1cc(Br)c(C)c(NC(=O)OC(C)(C)C)c1,high_score_route_anchor,1,1
BB-2060,NCC1(CCl)CCOCC1,CC(C)(C)OC(=O)NCC1(CCl)CCOCC1,high_score_route_anchor,1,1
BB-2061,Nc1ccc(Br)c2c1OCCO2,CC(C)(C)OC(=O)Nc1ccc(Br)c2c1OCCO2,high_score_route_anchor,1,1
BB-2062,NCCCC(=O)c1ccc2c(c1)OCO2,CC(C)(C)OC(=O)NCCCC(=O)c1ccc2c(c1)OCO2,high_score_route_anchor,1,1
BB-2063,Cc1cc(Cl)c(CN)nc1Br,Cc1cc(Cl)c(CNC(=O)OC(C)(C)C)nc1Br,high_score_route_anchor,1,1
BB-2064,Cc1cc(Cl)c(C)c(C(=O)O)c1N,Cc1cc(Cl)c(C)c(C(=O)O)c1NC(=O)OC(C)(C)C,high_score_route_anchor,1,1
BB-2065,CCC(=O)c1cc(N)ccc1F,CCC(=O)c1cc(NC(=O)OC(C)(C)C)ccc1F,high_score_route_anchor,1,1
BB-2066,Nc1ccc(CO)c(Cl)c1,CC(C)(C)OC(=O)Nc1ccc(CO)c(Cl)c1,high_score_route_anchor,1,1
BB-2067,Cc1cc(Br)c(C)c([N+](=O)[O-])c1N,Cc1cc(Br)c(C)c([N+](=O)[O-])c1NC(=O)OC(C)(C)C,high_score_route_anchor,1,1
BB-2068,N[C@@H]1CCN[C@@H](C(=O)O)C1,CC(C)(C)OC(=O)N[C@@H]1CCN[C@@H](C(=O)O)C1,high_score_route_anchor,1,1
BB-2069,NCc1cccc(Cl)c1C(F)F,CC(C)(C)OC(=O)NCc1cccc(Cl)c1C(F)F,high_score_route_anchor,1,1
BB-2070,CC(C)(C)c1ccc(N)cc1Cl,CC(C)(C)OC(=O)Nc1ccc(C(C)(C)C)c(Cl)c1,high_score_route_anchor,1,1
BB-2071,CC(C)CC(=O)CN,CC(C)CC(=O)CNC(=O)OC(C)(C)C,high_score_route_anchor,1,1
BB-2072,NCCc1cc(F)ccc1Br,CC(C)(C)OC(=O)NCCc1cc(F)ccc1Br,high_score_route_anchor,1,1
BB-2073,CC(N)c1cc(Br)n(C)n1,CC(NC(=O)OC(C)(C)C)c1cc(Br)n(C)n1,high_score_route_anchor,1,1
BB-2074,Cn1ccc(C(=O)CN)n1,Cn1ccc(C(=O)CNC(=O)OC(C)(C)C)n1,high_score_route_anchor,1,1
BB-2075,Cc1cc2c(cc1Cl)C(N)CO2,Cc1cc2c(cc1Cl)C(NC(=O)OC(C)(C)C)CO2,high_score_route_anchor,1,1
BB-2076,Cc1ccc(CCN)c(Cl)c1,Cc1ccc(CCNC(=O)OC(C)(C)C)c(Cl)c1,high_score_route_anchor,1,1
BB-2077,Cc1cccc(Br)c1CN,Cc1cccc(Br)c1CNC(=O)OC(C)(C)C,high_score_route_anchor,1,1
BB-2078,COCc1ccc(N)cc1Cl,COCc1ccc(NC(=O)OC(C)(C)C)cc1Cl,high_score_route_anchor,1,1
BB-2079,Nc1nc2c(Cl)cccc2n1CC(F)(F)F,CC(C)(C)OC(=O)Nc1nc2c(Cl)cccc2n1CC(F)(F)F,high_score_route_anchor,1,1
BB-2080,Cc1cc(Br)c(CN)cc1O,Cc1cc(Br)c(CNC(=O)OC(C)(C)C)cc1O,high_score_route_anchor,1,1
BB-2081,NCC(=O)CC1CCOCC1,CC(C)(C)OC(=O)NCC(=O)CC1CCOCC1,high_score_route_anchor,1,1
BB-2082,Cc1noc(N)c1C=O,Cc1noc(NC(=O)OC(C)(C)C)c1C=O,high_score_route_anchor,1,1
BB-2083,Nc1ccc(Br)c2c1CCO2,CC(C)(C)OC(=O)Nc1ccc(Br)c2c1CCO2,high_score_route_anchor,1,1
BB-2084,Cc1c(N)c(C(=O)O)cc(F)c1Br,Cc1c(Br)c(F)cc(C(=O)O)c1NC(=O)OC(C)(C)C,high_score_route_anchor,1,1
BB-2085,CN1C(=O)C(N)c2cc(Br)ccc21,CN1C(=O)C(NC(=O)OC(C)(C)C)c2cc(Br)ccc21,high_score_route_anchor,1,1
BB-2086,Cc1ccc(C(=O)CN)c(C)c1,Cc1ccc(C(=O)CNC(=O)OC(C)(C)C)c(C)c1,high_score_route_anchor,1,1
BB-2087,Cn1cc(CN)c(Br)n1,Cn1cc(CNC(=O)OC(C)(C)C)c(Br)n1,high_score_route_anchor,1,1
BB-2088,NC1=C(Br)C(=O)CCC1,CC(C)(C)OC(=O)NC1=C(Br)C(=O)CCC1,high_score_route_anchor,1,1
BB-2089,CC(CN)c1ccncc1Br,CC(CNC(=O)OC(C)(C)C)c1ccncc1Br,high_score_route_anchor,1,1
BB-2090,CC(N)c1cc(Cl)cc2c1OCC2,CC(NC(=O)OC(C)(C)C)c1cc(Cl)cc2c1OCC2,high_score_route_anchor,1,1
BB-2091,NCC(=O)CC1CC1,CC(C)(C)OC(=O)NCC(=O)CC1CC1,high_score_route_anchor,1,1
BB-2092,CC1=C(N)O/C(=C(/C)C#N)C1=O,CC1=C(NC(=O)OC(C)(C)C)O/C(=C(/C)C#N)C1=O,high_score_route_anchor,1,1
BB-2093,Cn1nc2ccc(Br)cc2c1CN,Cn1nc2ccc(Br)cc2c1CNC(=O)OC(C)(C)C,high_score_route_anchor,1,1
BB-2094,NCCc1conc1Br,CC(C)(C)OC(=O)NCCc1conc1Br,high_score_route_anchor,1,1
BB-2095,Cc1cc(Br)c(C)cc1N,Cc1cc(NC(=O)OC(C)(C)C)c(C)cc1Br,high_score_route_anchor,1,1
BB-2096,Cn1cnc(C(=O)CN)c1,Cn1cnc(C(=O)CNC(=O)OC(C)(C)C)c1,high_score_route_anchor,1,1
BB-2097,COc1ccc(Br)c(CCN)c1,COc1ccc(Br)c(CCNC(=O)OC(C)(C)C)c1,high_score_route_anchor,1,1
BB-2098,CC(=O)c1ccc(Br)c(N)c1,CC(=O)c1ccc(Br)c(NC(=O)OC(C)(C)C)c1,high_score_route_anchor,1,1
BB-2099,CN(C)C(=O)c1cc(N)ccc1Cl,CN(C)C(=O)c1cc(NC(=O)OC(C)(C)C)ccc1Cl,high_score_route_anchor,1,1
BB-2100,CC(C)c1ccccc1CN,CC(C)c1ccccc1CNC(=O)OC(C)(C)C,random_primary_amine,1,1
BB-2101,CC(=O)C(N)C1CC1,CC(=O)C(NC(=O)OC(C)(C)C)C1CC1,random_primary_amine,1,1
BB-2102,CSc1cccc(C)c1N,CSc1cccc(C)c1NC(=O)OC(C)(C)C,random_primary_amine,1,1
BB-2103,Cc1ccc2c(c1)C(N)C(=O)N2C,Cc1ccc2c(c1)C(NC(=O)OC(C)(C)C)C(=O)N2C,random_primary_amine,1,1
BB-2104,Nc1ncc(Br)nc1F,CC(C)(C)OC(=O)Nc1ncc(Br)nc1F,random_primary_amine,1,1
BB-2105,Nc1c(O)cccc1O,CC(C)(C)OC(=O)Nc1c(O)cccc1O,random_primary_amine,1,1
BB-2106,NC1CCC12CCC2,CC(C)(C)OC(=O)NC1CCC12CCC2,random_primary_amine,1,1
BB-2107,Cn1ncc(Cl)c1N,Cn1ncc(Cl)c1NC(=O)OC(C)(C)C,random_primary_amine,1,1
BB-2108,Nc1n[nH]c2cc(Br)ccc12,CC(C)(C)OC(=O)Nc1n[nH]c2cc(Br)ccc12,random_primary_amine,1,1
BB-2109,Nc1ccc(F)c(OCC(F)(F)F)c1,CC(C)(C)OC(=O)Nc1ccc(F)c(OCC(F)(F)F)c1,random_primary_amine,1,1
BB-2110,CCc1ccc(C(=O)NN)cc1,CCc1ccc(C(=O)NNC(=O)OC(C)(C)C)cc1,random_primary_amine,1,1
BB-2111,COc1ccc(-c2csc(CCN)n2)cc1,COc1ccc(-c2csc(CCNC(=O)OC(C)(C)C)n2)cc1,random_primary_amine,1,1
BB-2112,CNc1ncccc1S(N)(=O)=O,CNc1ncccc1S(=O)(=O)NC(=O)OC(C)(C)C,random_primary_amine,1,1
BB-2113,NOCC1(F)CCC1,CC(C)(C)OC(=O)NOCC1(F)CCC1,random_primary_amine,1,1
BB-2114,COC(=O)C1(N)CC(C(F)F)C1,COC(=O)C1(NC(=O)OC(C)(C)C)CC(C(F)F)C1,random_primary_amine,1,1
BB-2115,CCOc1ccc(N)c2ncccc12,CCOc1ccc(NC(=O)OC(C)(C)C)c2ncccc12,random_primary_amine,1,1
BB-2116,COC(CN)CC(=O)O,COC(CNC(=O)OC(C)(C)C)CC(=O)O,random_primary_amine,1,1
BB-2117,CC(C)C[C@@H](N)C(F)(F)F,CC(C)C[C@@H](NC(=O)OC(C)(C)C)C(F)(F)F,random_primary_amine,1,1
BB-2118,Nc1ccc(N2CCSCC2)cc1,CC(C)(C)OC(=O)Nc1ccc(N2CCSCC2)cc1,random_primary_amine,1,1
BB-2119,Nc1noc(-c2ccc(Cl)cc2Cl)n1,CC(C)(C)OC(=O)Nc1noc(-c2ccc(Cl)cc2Cl)n1,random_primary_amine,1,1
BB-2120,C[C@@H]1CN(c2ccc(N)cc2)C[C@H](C)O1,C[C@@H]1CN(c2ccc(NC(=O)OC(C)(C)C)cc2)C[C@H](C)O1,random_primary_amine,1,1
BB-2121,NS(=O)(=O)Cc1cc(Cl)cc(Cl)c1,CC(C)(C)OC(=O)NS(=O)(=O)Cc1cc(Cl)cc(Cl)c1,random_primary_amine,1,1
BB-2122,CCN1CCC(N)(C#N)CC1,CCN1CCC(C#N)(NC(=O)OC(C)(C)C)CC1,random_primary_amine,1,1
BB-2123,CC(C)(O)C1(CN)CCOCC1,CC(C)(C)OC(=O)NCC1(C(C)(C)O)CCOCC1,random_primary_amine,1,1
BB-2124,CCC(N)CCOC,CCC(CCOC)NC(=O)OC(C)(C)C,random_primary_amine,1,1
BB-2125,Cc1cc(C(N)CO)ccc1Br,Cc1cc(C(CO)NC(=O)OC(C)(C)C)ccc1Br,random_primary_amine,1,1
BB-2126,COc1ccc(Oc2ccc(N)cn2)cc1,COc1ccc(Oc2ccc(NC(=O)OC(C)(C)C)cn2)cc1,random_primary_amine,1,1
BB-2127,Nc1nc(Cl)cc(C(F)(F)F)n1,CC(C)(C)OC(=O)Nc1nc(Cl)cc(C(F)(F)F)n1,random_primary_amine,1,1
BB-2128,CC(C)Oc1ccc(CN)cc1,CC(C)Oc1ccc(CNC(=O)OC(C)(C)C)cc1,random_primary_amine,1,1
BB-2129,CCc1nc(C)c(N)s1,CCc1nc(C)c(NC(=O)OC(C)(C)C)s1,random_primary_amine,1,1
BB-2130,NCCNC(=O)C1CCCC1,CC(C)(C)OC(=O)NCCNC(=O)C1CCCC1,random_primary_amine,1,1
BB-2131,COC(=O)C(C)(N)Cn1cccn1,COC(=O)C(C)(Cn1cccn1)NC(=O)OC(C)(C)C,random_primary_amine,1,1
BB-2132,CCOC(=O)Cc1ccccc1N,CCOC(=O)Cc1ccccc1NC(=O)OC(C)(C)C,random_primary_amine,1,1
BB-2133,Cn1nccc1C(N)C(=O)O,Cn1nccc1C(NC(=O)OC(C)(C)C)C(=O)O,random_primary_amine,1,1
BB-2134,NCCCCc1ccccc1,CC(C)(C)OC(=O)NCCCCc1ccccc1,random_primary_amine,1,1
BB-2135,Nc1ncn(CC(=O)O)n1,CC(C)(C)OC(=O)Nc1ncn(CC(=O)O)n1,random_primary_amine,1,1
BB-2136,NNC(=O)c1ccc(O)c(O)c1,CC(C)(C)OC(=O)NNC(=O)c1ccc(O)c(O)c1,random_primary_amine,1,1
BB-2137,CC(C)(CN)CC(F)F,CC(C)(CNC(=O)OC(C)(C)C)CC(F)F,random_primary_amine,1,1
BB-2138,N[C@@H]1CCCN(S(=O)(=O)c2cccs2)C1,CC(C)(C)OC(=O)N[C@@H]1CCCN(S(=O)(=O)c2cccs2)C1,random_primary_amine,1,1
BB-2139,CCOc1ccc(N)cc1C,CCOc1ccc(NC(=O)OC(C)(C)C)cc1C,random_primary_amine,1,1
BB-2140,NC[C@@H]1CCO[C@@H]1c1nc(C2CC2)no1,CC(C)(C)OC(=O)NC[C@@H]1CCO[C@@H]1c1nc(C2CC2)no1,random_primary_amine,1,1
BB-2141,NCc1ccc(Oc2ccc([N+](=O)[O-])cc2)cc1,CC(C)(C)OC(=O)NCc1ccc(Oc2ccc([N+](=O)[O-])cc2)cc1,random_primary_amine,1,1
BB-2142,Nc1ccc(Br)cc1-c1nc[nH]n1,CC(C)(C)OC(=O)Nc1ccc(Br)cc1-c1nc[nH]n1,random_primary_amine,1,1
BB-2143,COC(=O)c1sc2ncncc2c1N,COC(=O)c1sc2ncncc2c1NC(=O)OC(C)(C)C,random_primary_amine,1,1
BB-2144,NCc1ccc2c(c1)CCO2,CC(C)(C)OC(=O)NCc1ccc2c(c1)CCO2,random_primary_amine,1,1
BB-2145,Nc1cccc(CS(=O)(=O)c2ccccc2)c1,CC(C)(C)OC(=O)Nc1cccc(CS(=O)(=O)c2ccccc2)c1,random_primary_amine,1,1
BB-2146,NNC(=O)c1cccc([N+](=O)[O-])c1,CC(C)(C)OC(=O)NNC(=O)c1cccc([N+](=O)[O-])c1,random_primary_amine,1,1
BB-2147,Cc1ccc(Cn2nccc2N)s1,Cc1ccc(Cn2nccc2NC(=O)OC(C)(C)C)s1,random_primary_amine,1,1
BB-2148,COC(=O)C(N)CCC(C)C,COC(=O)C(CCC(C)C)NC(=O)OC(C)(C)C,random_primary_amine,1,1
BB-2149,COc1c(F)ccc(N)c1F,COc1c(F)ccc(NC(=O)OC(C)(C)C)c1F,random_primary_amine,1,1
BB-2150,COC(=O)C1(N)CCCCC1,COC(=O)C1(NC(=O)OC(C)(C)C)CCCCC1,random_primary_amine,1,1
BB-2151,NC(=O)c1nnc(Cl)c(Cl)c1N,CC(C)(C)OC(=O)Nc1c(C(N)=O)nnc(Cl)c1Cl,random_primary_amine,1,1
BB-2152,C=CCC1(N)CCC1,C=CCC1(NC(=O)OC(C)(C)C)CCC1,random_primary_amine,1,1
BB-2153,NC1(CO)COCC12CCC2,CC(C)(C)OC(=O)NC1(CO)COCC12CCC2,random_primary_amine,1,1
BB-2154,Nc1ccccc1C(=O)CC1CCC1,CC(C)(C)OC(=O)Nc1ccccc1C(=O)CC1CCC1,random_primary_amine,1,1
BB-2155,CC(C)(C)OC(=O)Nc1cccc(N)n1,CC(C)(C)OC(=O)Nc1cccc(NC(=O)OC(C)(C)C)n1,random_primary_amine,1,1
BB-2156,NC1CCN(C(=O)c2ccco2)CC1,CC(C)(C)OC(=O)NC1CCN(C(=O)c2ccco2)CC1,random_primary_amine,1,1
BB-2157,NS(=O)(=O)CCc1ccccn1,CC(C)(C)OC(=O)NS(=O)(=O)CCc1ccccn1,random_primary_amine,1,1
BB-2158,N#Cc1ccc2c(c1)CCCC2N,CC(C)(C)OC(=O)NC1CCCc2cc(C#N)ccc21,random_primary_amine,1,1
BB-2159,NOC(CO)C1CCCC1,CC(C)(C)OC(=O)NOC(CO)C1CCCC1,random_primary_amine,1,1
BB-2160,CC(=O)N1CCc2ccc(N)cc21,CC(=O)N1CCc2ccc(NC(=O)OC(C)(C)C)cc21,random_primary_amine,1,1
BB-2161,Cc1c(N)cccc1N1C(=O)CCNC1=O,Cc1c(NC(=O)OC(C)(C)C)cccc1N1C(=O)CCNC1=O,random_primary_amine,1,1
BB-2162,Nc1cc(B(O)O)ccc1Cl,CC(C)(C)OC(=O)Nc1cc(B(O)O)ccc1Cl,random_primary_amine,1,1
BB-2163,CC1(CN)CCCOC1,CC1(CNC(=O)OC(C)(C)C)CCCOC1,random_primary_amine,1,1
BB-2164,Cc1nccnc1CCN,Cc1nccnc1CCNC(=O)OC(C)(C)C,random_primary_amine,1,1
BB-2165,CCC(C)(CN)N1CCOCC1,CCC(C)(CNC(=O)OC(C)(C)C)N1CCOCC1,random_primary_amine,1,1
BB-2166,CS(=O)(=O)c1ccc(C(O)CN)cc1,CC(C)(C)OC(=O)NCC(O)c1ccc(S(C)(=O)=O)cc1,random_primary_amine,1,1
BB-2167,NC1(c2ccc(Br)cc2)CC(F)C1,CC(C)(C)OC(=O)NC1(c2ccc(Br)cc2)CC(F)C1,random_primary_amine,1,1
BB-2168,Nc1cccn(CCF)c1=O,CC(C)(C)OC(=O)Nc1cccn(CCF)c1=O,random_primary_amine,1,1
BB-2169,CN(CC(N)C(=O)O)c1ccccc1,CN(CC(NC(=O)OC(C)(C)C)C(=O)O)c1ccccc1,random_primary_amine,1,1
BB-2170,Cn1cc(S(N)(=O)=O)c2ccccc21,Cn1cc(S(=O)(=O)NC(=O)OC(C)(C)C)c2ccccc21,random_primary_amine,1,1
BB-2171,CC(C)C1CC(N)CO1,CC(C)C1CC(NC(=O)OC(C)(C)C)CO1,random_primary_amine,1,1
BB-2172,Nc1ccc([N+](=O)[O-])c(C(=O)O)c1,CC(C)(C)OC(=O)Nc1ccc([N+](=O)[O-])c(C(=O)O)c1,random_primary_amine,1,1
BB-2173,NS(=O)(=O)NCc1ccc2c(c1)OCO2,CC(C)(C)OC(=O)NS(=O)(=O)NCc1ccc2c(c1)OCO2,random_primary_amine,1,1
BB-2174,COCCc1ccc(Oc2ccc(N)cc2)cc1,COCCc1ccc(Oc2ccc(NC(=O)OC(C)(C)C)cc2)cc1,random_primary_amine,1,1
BB-2175,CCc1ccc(S(N)(=O)=O)o1,CCc1ccc(S(=O)(=O)NC(=O)OC(C)(C)C)o1,random_primary_amine,1,1
BB-2176,Nc1nnc(-c2c(F)cccc2F)s1,CC(C)(C)OC(=O)Nc1nnc(-c2c(F)cccc2F)s1,random_primary_amine,1,1
BB-2177,Cc1ccc(C2CCCC2N)cc1,Cc1ccc(C2CCCC2NC(=O)OC(C)(C)C)cc1,random_primary_amine,1,1
BB-2178,CC(N)CCC1CCCC1,CC(CCC1CCCC1)NC(=O)OC(C)(C)C,random_primary_amine,1,1
BB-2179,Nc1ccc(Nc2ncccn2)cc1,CC(C)(C)OC(=O)Nc1ccc(Nc2ncccn2)cc1,random_primary_amine,1,1
BB-2180,CC(O)CON,CC(O)CONC(=O)OC(C)(C)C,random_primary_amine,1,1
BB-2181,NCCN1C(=O)c2ccccc2S1(=O)=O,CC(C)(C)OC(=O)NCCN1C(=O)c2ccccc2S1(=O)=O,random_primary_amine,1,1
BB-2182,NNc1ncnc2c1oc1ccccc12,CC(C)(C)OC(=O)NNc1ncnc2c1oc1ccccc12,random_primary_amine,1,1
BB-2183,Nc1nc(O)nc(CO)n1,CC(C)(C)OC(=O)Nc1nc(O)nc(CO)n1,random_primary_amine,1,1
BB-2184,COCn1ncc(Cl)c1S(N)(=O)=O,COCn1ncc(Cl)c1S(=O)(=O)NC(=O)OC(C)(C)C,random_primary_amine,1,1
BB-2185,CCOc1cccc(N)n1,CCOc1cccc(NC(=O)OC(C)(C)C)n1,random_primary_amine,1,1
BB-2186,CC(C)(C)OC(=O)c1cc(C(C)(C)N)n[nH]1,CC(C)(C)OC(=O)NC(C)(C)c1cc(C(=O)OC(C)(C)C)[nH]n1,random_primary_amine,1,1
BB-2187,CC1CCN(C(=O)c2ccc(N)cc2)CC1,CC1CCN(C(=O)c2ccc(NC(=O)OC(C)(C)C)cc2)CC1,random_primary_amine,1,1
BB-2188,NC1C2CC3C(C2)C13,CC(C)(C)OC(=O)NC1C2CC3C(C2)C31,random_primary_amine,1,1
BB-2189,NCCNS(=O)(=O)c1ccc([N+](=O)[O-])cc1,CC(C)(C)OC(=O)NCCNS(=O)(=O)c1ccc([N+](=O)[O-])cc1,random_primary_amine,1,1
BB-2190,NS(=O)(=O)c1ccccc1C(F)(F)F,CC(C)(C)OC(=O)NS(=O)(=O)c1ccccc1C(F)(F)F,random_primary_amine,1,1
BB-2191,NNC1CCCCCCC1,CC(C)(C)OC(=O)NNC1CCCCCCC1,random_primary_amine,1,1
BB-2192,Nc1ccc(C2CCNCC2)cn1,CC(C)(C)OC(=O)Nc1ccc(C2CCNCC2)cn1,random_primary_amine,1,1
BB-2193,CC(N)Cc1cn(C)cn1,CC(Cc1cn(C)cn1)NC(=O)OC(C)(C)C,random_primary_amine,1,1
BB-2194,NCC#Cc1cccc(Cl)c1,CC(C)(C)OC(=O)NCC#Cc1cccc(Cl)c1,random_primary_amine,1,1
BB-2195,Nc1cccnc1F,CC(C)(C)OC(=O)Nc1cccnc1F,random_primary_amine,1,1
BB-2196,COC(=O)C(N)[C@@H]1C[C@H]1C(=O)OC,COC(=O)C(NC(=O)OC(C)(C)C)[C@@H]1C[C@H]1C(=O)OC,random_primary_amine,1,1
BB-2197,COC(=O)C12CCCC(CN)(C1)OC2,COC(=O)C12CCCC(CNC(=O)OC(C)(C)C)(C1)OC2,random_primary_amine,1,1
BB-2198,Cn1nccc1-c1ccc(N)cc1F,Cn1nccc1-c1ccc(NC(=O)OC(C)(C)C)cc1F,random_primary_amine,1,1
BB-2199,Nc1cc(Cl)c(Cl)cc1F,CC(C)(C)OC(=O)Nc1cc(Cl)c(Cl)cc1F,random_primary_amine,1,1
